City_ID,City,Country,Date,Lat,Lng,Max Temp,Humidity,Cloudiness,Wind Speed
0,Castro,BR,2022-07-14 20:17:57,-24.7911,-50.0119,67.78,63,43,6.13
1,Shakawe,BW,2022-07-14 20:17:57,-18.3667,21.85,57.02,37,0,5.59
2,College,US,2022-07-14 20:17:58,64.8569,-147.8028,65.59,39,75,9.22
3,Bluff,NZ,2022-07-14 20:17:58,-46.6,168.3333,37.8,87,100,14.5
4,Tucurui,BR,2022-07-14 20:17:58,-3.7661,-49.6725,85.53,64,78,0.72
5,Nanortalik,GL,2022-07-14 20:17:59,60.1432,-45.2371,47.88,75,100,5.39
6,Mamakan,RU,2022-07-14 20:17:59,57.8161,114.0028,60.98,94,42,2.28
7,Ushuaia,AR,2022-07-14 20:17:59,-54.8,-68.3,33.42,80,0,2.3
8,Rikitea,PF,2022-07-14 20:17:59,-23.1203,-134.9692,66.4,82,100,11.18
9,Iqaluit,CA,2022-07-14 20:18:00,63.7506,-68.5145,49.73,76,75,8.05
10,Saint-Philippe,RE,2022-07-14 20:18:00,-21.3585,55.7679,66.22,81,79,9.48
11,Revelstoke,CA,2022-07-14 20:16:42,50.9832,-118.2023,69.82,52,75,10.36
12,Aklavik,CA,2022-07-14 20:18:00,68.2191,-135.0107,42.8,75,100,13.8
13,Barrow,US,2022-07-14 20:16:00,71.2906,-156.7887,33.82,80,100,11.5
14,Georgetown,MY,2022-07-14 20:15:12,5.4112,100.3354,80.53,88,20,0.0
15,Provideniya,RU,2022-07-14 20:18:01,64.3833,-173.3,53.64,57,100,6.35
16,Punta Arenas,CL,2022-07-14 20:17:39,-53.15,-70.9167,35.62,93,75,2.3
17,Samdrup Jongkhar,BT,2022-07-14 20:18:01,26.9167,91.6167,72.9,81,0,5.12
18,Bereslavka,RU,2022-07-14 20:18:02,48.6254,44.0449,68.77,43,0,14.5
19,Vila Velha,BR,2022-07-14 20:18:02,-20.3297,-40.2925,69.94,93,100,3.44
20,Khatanga,RU,2022-07-14 20:18:02,71.9667,102.5,43.03,89,100,2.73
21,Airai,TL,2022-07-14 20:18:03,-8.9266,125.4092,53.35,87,10,3.53
22,Hithadhoo,MV,2022-07-14 20:18:03,-0.6,73.0833,83.44,74,100,13.87
23,Butaritari,KI,2022-07-14 20:18:03,3.0707,172.7902,81.81,80,50,17.54
24,Chuy,UY,2022-07-14 20:14:31,-33.6971,-53.4616,57.18,93,59,8.77
25,Busselton,AU,2022-07-14 20:18:04,-33.65,115.3333,59.5,74,78,15.08
26,Swellendam,ZA,2022-07-14 20:18:04,-34.0226,20.4417,55.29,84,100,3.56
27,Acapulco,MX,2022-07-14 20:18:05,16.8634,-99.8901,87.62,66,40,3.44
28,Kenai,US,2022-07-14 20:18:05,60.5544,-151.2583,61.03,89,100,0.0
29,Upernavik,GL,2022-07-14 20:18:05,72.7868,-56.1549,40.03,87,16,14.12
30,Kalmunai,LK,2022-07-14 20:18:06,7.4167,81.8167,80.06,64,78,4.36
31,Belaya Gora,RU,2022-07-14 20:18:06,68.5333,146.4167,57.58,64,9,3.53
32,Jamestown,US,2022-07-14 20:18:06,42.097,-79.2353,78.53,49,0,6.91
33,Port-Cartier,CA,2022-07-14 20:18:07,50.0334,-66.8654,70.02,56,99,7.43
34,Tiksi,RU,2022-07-14 20:18:07,71.6872,128.8694,49.98,82,100,4.09
35,Albany,US,2022-07-14 20:13:47,42.6001,-73.9662,83.05,46,57,1.99
36,Lagoa,PT,2022-07-14 20:18:07,39.05,-27.9833,69.84,90,35,15.12
37,Hasaki,JP,2022-07-14 20:13:11,35.7333,140.8333,73.29,92,100,8.12
38,Beringovskiy,RU,2022-07-14 20:18:08,63.05,179.3167,46.67,98,100,10.47
39,Anadyr,RU,2022-07-14 20:17:27,64.75,177.4833,55.9,87,40,2.24
40,Gizo,SB,2022-07-14 20:18:08,-8.103,156.8419,80.91,74,27,7.81
41,Santiago De Cuba,CU,2022-07-14 20:18:08,20.0247,-75.8219,87.91,66,40,8.05
42,Ponta Do Sol,PT,2022-07-14 20:18:09,32.6667,-17.1,75.0,72,35,7.2
43,Port Alfred,ZA,2022-07-14 20:18:09,-33.5906,26.891,57.94,80,12,14.7
44,Faanui,PF,2022-07-14 20:18:09,-16.4833,-151.75,77.27,68,100,25.99
45,Saulkrasti,LV,2022-07-14 20:18:10,57.2622,24.4147,55.9,82,100,10.76
46,Hami,CN,2022-07-14 20:18:10,42.8,93.45,76.59,22,8,6.31
47,Port Hardy,CA,2022-07-14 20:17:07,50.6996,-127.4199,59.18,88,100,3.44
48,Mugur-Aksy,RU,2022-07-14 20:18:10,50.35,90.5,34.36,93,54,5.84
49,Seaham,GB,2022-07-14 20:18:11,54.839,-1.3458,62.31,76,58,1.01
50,Hilo,US,2022-07-14 20:15:20,19.7297,-155.09,85.28,73,75,6.91
51,Los Llanos De Aridane,ES,2022-07-14 20:18:11,28.6585,-17.9182,69.55,87,0,12.66
52,Nykoping,SE,2022-07-14 20:18:12,58.753,17.0079,55.26,94,0,3.44
53,Asau,RO,2022-07-14 20:17:30,46.4333,26.4,72.52,67,98,5.26
54,Harper,LR,2022-07-14 20:18:12,4.375,-7.7169,75.56,80,94,9.06
55,Eureka,US,2022-07-14 20:13:19,40.8021,-124.1637,76.68,79,67,4.0
56,Marawi,PH,2022-07-14 20:18:13,7.9986,124.2928,68.27,95,98,1.7
57,Masvingo,ZW,2022-07-14 20:18:13,-20.0637,30.8277,57.13,44,5,4.12
58,Kapaa,US,2022-07-14 20:18:13,22.0752,-159.319,82.72,77,75,16.11
59,Novobirilyussy,RU,2022-07-14 20:18:13,56.9514,90.6661,52.21,74,100,3.18
60,Kodiak,US,2022-07-14 20:14:11,57.79,-152.4072,58.51,77,100,3.44
61,Candolim,IN,2022-07-14 20:18:14,15.5181,73.7626,81.64,82,100,24.83
62,Codrington,AU,2022-07-14 20:18:14,-38.2667,141.9667,43.12,98,41,9.19
63,New Norfolk,AU,2022-07-14 20:18:14,-42.7826,147.0587,43.72,90,85,2.21
64,Pevek,RU,2022-07-14 20:15:58,69.7008,170.3133,34.32,84,5,12.41
65,Khani,GE,2022-07-14 20:18:15,41.9563,42.9566,58.57,97,86,1.16
66,Constitucion,CL,2022-07-14 20:18:15,-35.3333,-72.4167,47.34,89,100,8.61
67,Tarbert,GB,2022-07-14 20:18:15,55.8628,-5.4162,57.51,88,100,5.39
68,Kruisfontein,ZA,2022-07-14 20:18:16,-34.0033,24.7314,52.65,88,29,6.6
69,Deputatskiy,RU,2022-07-14 20:18:16,69.3,139.9,52.66,72,54,3.11
70,East London,ZA,2022-07-14 20:18:17,-33.0153,27.9116,60.13,68,1,13.53
71,South Venice,US,2022-07-14 20:18:17,27.0531,-82.4243,96.28,72,69,1.01
72,Lebu,CL,2022-07-14 20:17:44,-37.6167,-73.65,44.02,84,100,5.61
73,Narrabri,AU,2022-07-14 20:18:17,-30.3167,149.7833,39.52,91,0,1.99
74,Torquay,GB,2022-07-14 20:18:18,50.4638,-3.5143,65.68,63,5,4.0
75,Shebunino,RU,2022-07-14 20:18:18,46.4339,141.8603,59.38,92,100,15.59
76,Meadow Lake,US,2022-07-14 20:18:18,34.8014,-106.5436,94.6,26,7,10.85
77,Qaanaaq,GL,2022-07-14 20:18:18,77.484,-69.3632,45.32,82,26,8.21
78,Launceston,AU,2022-07-14 20:18:19,-41.45,147.1667,46.04,97,100,8.05
79,Novyy Urengoy,RU,2022-07-14 20:18:19,66.0833,76.6333,55.02,62,12,6.55
80,Puerto Ayora,EC,2022-07-14 20:18:20,-0.7393,-90.3518,76.96,88,68,10.0
81,Jaru,BR,2022-07-14 20:18:20,-10.4389,-62.4664,95.25,25,5,3.8
82,Nikolskoye,RU,2022-07-14 20:18:20,59.7035,30.7861,60.69,96,98,4.12
83,Avarua,CK,2022-07-14 20:18:21,-21.2078,-159.775,75.25,64,75,12.66
84,Smithers,CA,2022-07-14 20:15:10,54.7804,-127.1743,60.73,60,99,3.44
85,Klaksvik,FO,2022-07-14 20:18:21,62.2266,-6.589,50.92,78,83,13.0
86,Fortuna,US,2022-07-14 20:13:49,40.5982,-124.1573,61.86,85,75,1.99
87,Laguna,US,2022-07-14 20:15:42,38.421,-121.4238,97.63,38,0,4.61
88,La Ronge,CA,2022-07-14 20:15:13,55.1001,-105.2842,77.25,25,11,8.05
89,Atar,MR,2022-07-14 20:17:02,20.5169,-13.0499,96.91,26,97,1.21
90,Charlestown,AU,2022-07-14 20:18:22,-32.95,151.6667,50.74,79,4,5.99
91,Severo-Kurilsk,RU,2022-07-14 20:18:22,50.6789,156.125,53.67,96,84,9.71
92,Krasnovishersk,RU,2022-07-14 20:18:23,60.4078,57.082,65.26,98,100,4.23
93,Hovd,MN,2022-07-14 20:18:23,48.0056,91.6419,54.61,53,77,3.87
94,Juneau,US,2022-07-14 20:18:23,58.3019,-134.4197,64.4,81,75,10.36
95,Luderitz,NA,2022-07-14 20:18:23,-26.6481,15.1594,64.9,41,0,10.07
96,Bambous Virieux,MU,2022-07-14 20:18:24,-20.3428,57.7575,69.22,88,75,11.5
97,Cidreira,BR,2022-07-14 20:18:24,-30.1811,-50.2056,60.15,97,100,13.22
98,Isiro,CD,2022-07-14 20:18:24,2.7739,27.616,66.06,99,100,3.02
99,Lavrentiya,RU,2022-07-14 20:18:25,65.5833,-171.0,48.94,73,100,8.95
100,Lazarev,RU,2022-07-14 20:18:25,52.225,141.5131,56.1,99,100,10.13
101,Mataura,NZ,2022-07-14 20:18:25,-46.1927,168.8643,37.47,99,100,2.91
102,Honningsvag,NO,2022-07-14 20:18:26,70.9821,25.9704,56.95,94,100,3.44
103,Aswan,EG,2022-07-14 20:18:26,24.0934,32.907,87.87,19,13,13.42
104,Porbandar,IN,2022-07-14 20:18:26,21.6422,69.6093,81.43,86,100,6.29
105,Obidos,BR,2022-07-14 20:18:27,-1.9175,-55.5181,85.12,62,58,4.43
106,Bedele,ET,2022-07-14 20:18:27,8.456,36.353,56.57,98,100,3.15
107,Monte Alegre De Minas,BR,2022-07-14 20:18:27,-18.8706,-48.8808,82.38,24,55,10.8
108,Seddon,AU,2022-07-14 20:18:28,-37.8068,144.8916,47.88,87,75,8.05
109,Pisco,PE,2022-07-14 20:18:28,-13.7,-76.2167,66.25,68,0,14.97
110,Esperance,AU,2022-07-14 20:18:28,-33.8667,121.9,58.23,83,2,20.38
111,Saldanha,ZA,2022-07-14 20:18:29,-33.0117,17.9442,55.96,86,0,10.56
112,Hermanus,ZA,2022-07-14 20:18:29,-34.4187,19.2345,50.81,82,13,3.11
113,Beatrice,US,2022-07-14 20:18:29,40.2681,-96.747,89.69,45,0,19.57
114,Tabuk,PH,2022-07-14 20:18:30,17.4189,121.4443,74.46,93,100,3.71
115,Havre,FR,2022-07-14 20:18:30,49.5833,0.3333,68.2,82,0,5.75
116,Thunder Bay,CA,2022-07-14 20:14:45,48.4001,-89.3168,69.4,42,10,9.57
117,Hobart,AU,2022-07-14 20:17:06,-42.8794,147.3294,44.06,95,75,4.61
118,Cozumel,MX,2022-07-14 20:16:58,20.5083,-86.9458,89.94,67,40,14.97
119,Balkanabat,TM,2022-07-14 20:18:30,39.5108,54.3671,94.53,14,0,8.72
120,Bredasdorp,ZA,2022-07-14 20:18:31,-34.5322,20.0403,51.64,84,22,3.71
121,Geraldton,AU,2022-07-14 20:14:46,-28.7667,114.6,55.81,76,27,5.75
122,Dikson,RU,2022-07-14 20:18:31,73.5069,80.5464,41.22,79,20,10.36
123,Strelka,RU,2022-07-14 20:18:31,58.0728,93.0344,49.15,83,99,2.19
124,Wanxian,CN,2022-07-14 20:18:32,30.8039,108.3897,81.37,79,79,2.55
125,Cape Town,ZA,2022-07-14 20:16:24,-33.9258,18.4232,56.91,90,16,4.61
126,Tasiilaq,GL,2022-07-14 20:15:57,65.6145,-37.6368,50.16,70,100,5.79
127,Ilulissat,GL,2022-07-14 20:18:32,69.2167,-51.1,55.42,44,20,5.75
128,Mairi,BR,2022-07-14 20:15:04,-11.7114,-40.1489,72.79,67,88,7.14
129,Nova Olimpia,BR,2022-07-14 20:13:44,-14.7972,-57.2881,94.35,20,60,8.01
130,Atuona,PF,2022-07-14 20:15:18,-9.8,-139.0333,77.88,69,6,16.22
131,Rochester,US,2022-07-14 20:17:01,43.1548,-77.6156,80.11,51,20,9.22
132,Bethel,US,2022-07-14 20:13:51,41.3712,-73.414,85.01,60,81,7.74
133,Rio Gallegos,AR,2022-07-14 20:18:33,-51.6226,-69.2181,32.05,93,40,6.91
134,Bichura,RU,2022-07-14 20:18:33,50.5881,107.6022,56.55,97,100,3.2
135,Ribeira Grande,PT,2022-07-14 20:18:34,38.5167,-28.7,73.8,78,40,14.97
136,Hall,US,2022-07-14 20:18:34,34.3168,-83.7832,88.74,50,0,5.75
137,Ivankiv,UA,2022-07-14 20:18:34,50.9386,29.8943,62.13,76,0,6.98
138,Tenenkou,ML,2022-07-14 20:18:34,14.4572,-4.9169,90.05,38,90,10.47
139,Cayenne,GF,2022-07-14 20:18:35,4.9333,-52.3333,82.09,1,20,0.0
140,Askino,RU,2022-07-14 20:18:35,56.0901,56.5783,65.79,91,100,7.99
141,Pistsovo,RU,2022-07-14 20:18:35,57.179,40.5298,56.5,96,100,4.54
142,Torbay,CA,2022-07-14 20:13:46,47.6666,-52.7314,65.88,77,64,5.99
143,Mar Del Plata,AR,2022-07-14 20:18:36,-38.0023,-57.5575,54.09,95,100,11.99
144,Phan Thiet,VN,2022-07-14 20:18:36,10.9333,108.1,77.34,88,93,8.5
145,Waipawa,NZ,2022-07-14 20:18:36,-41.4122,175.5153,44.87,73,100,9.08
146,Moron,AR,2022-07-14 20:18:37,-34.6534,-58.6198,57.09,78,100,5.97
147,Sechura,PE,2022-07-14 20:18:37,-5.5569,-80.8222,74.37,53,7,17.02
148,Prince Rupert,CA,2022-07-14 20:17:03,54.3161,-130.3201,59.09,79,100,19.57
149,Griffith,US,2022-07-14 20:18:37,41.5284,-87.4237,84.31,66,40,12.66
150,Chokurdakh,RU,2022-07-14 20:18:38,70.6333,147.9167,52.65,57,81,5.66
151,Ciudad Guayana,VE,2022-07-14 20:18:38,8.3533,-62.6528,90.52,56,58,7.45
152,Port Elizabeth,ZA,2022-07-14 20:18:38,-33.918,25.5701,57.49,80,0,13.8
153,Ouegoa,NC,2022-07-14 20:18:38,-20.35,164.4333,66.51,65,2,10.09
154,Casino,AU,2022-07-14 20:18:39,-28.8667,153.05,46.56,92,2,3.33
155,Tigil,RU,2022-07-14 20:18:39,57.8,158.6667,62.82,69,13,5.26
156,Tuktoyaktuk,CA,2022-07-14 20:18:39,69.4541,-133.0374,39.2,87,100,20.71
157,Husavik,IS,2022-07-14 20:18:40,66.0449,-17.3389,49.19,78,29,4.74
158,Mumford,GH,2022-07-14 20:18:40,5.2618,-0.759,74.82,90,18,10.42
159,Portland,US,2022-07-14 20:18:40,45.5234,-122.6762,81.7,50,0,8.01
160,Vostok,RU,2022-07-14 20:18:41,46.4856,135.8833,59.4,91,100,5.55
161,Oriximina,BR,2022-07-14 20:17:02,-1.7656,-55.8661,87.57,57,86,4.83
162,Ambovombe,MG,2022-07-14 20:18:41,-25.1667,46.0833,65.55,85,0,3.33
163,Emba,KZ,2022-07-14 20:18:41,48.8264,58.1442,85.03,24,0,7.92
164,Vilhena,BR,2022-07-14 20:18:42,-12.7406,-60.1458,88.02,35,20,12.66
165,Mossendjo,CG,2022-07-14 20:18:42,-2.9506,12.7261,71.51,66,22,2.59
166,Khandyga,RU,2022-07-14 20:18:42,62.6667,135.6,65.01,93,99,4.07
167,Wembley,AU,2022-07-14 20:18:42,-31.9333,115.8,60.78,83,40,10.36
168,Kaitangata,NZ,2022-07-14 20:18:43,-46.2817,169.8464,39.43,96,100,7.05
169,Ancud,CL,2022-07-14 20:15:44,-41.8697,-73.8203,44.22,73,44,7.85
170,Nhulunbuy,AU,2022-07-14 20:18:43,-12.2333,136.7667,70.41,78,40,9.22
171,Carnarvon,AU,2022-07-14 20:18:43,-24.8667,113.6333,66.69,81,42,10.83
172,Dalvik,IS,2022-07-14 20:18:44,65.9702,-18.5286,53.53,78,79,5.88
173,Campo Maior,BR,2022-07-14 20:18:44,-4.8278,-42.1686,91.13,38,11,2.73
174,Saint George,US,2022-07-14 20:17:53,37.1041,-113.5841,102.94,20,0,6.91
175,Berlevag,NO,2022-07-14 20:18:44,70.8578,29.0864,58.8,100,75,14.97
176,Komsomolskiy,UZ,2022-07-14 20:18:45,40.4272,71.7189,75.92,41,0,6.91
177,Alice Springs,AU,2022-07-14 20:18:45,-23.7,133.8833,27.95,80,0,0.0
178,Kota Kinabalu,MY,2022-07-14 20:18:45,5.9749,116.0724,76.98,83,20,5.99
179,Markova,UA,2022-07-14 20:18:46,48.6758,24.4138,68.04,54,84,3.76
180,Yumen,CN,2022-07-14 20:18:46,40.2833,97.2,63.9,76,100,13.56
181,Novokizhinginsk,RU,2022-07-14 20:18:46,51.6115,109.5917,55.76,98,98,4.16
182,Norilsk,RU,2022-07-14 20:15:56,69.3535,88.2027,52.88,72,98,2.19
183,Simao,CN,2022-07-14 20:18:47,22.7886,100.9748,71.22,78,100,1.86
184,Naze,JP,2022-07-14 20:18:47,28.3667,129.4833,79.72,91,92,8.59
185,Nipawin,CA,2022-07-14 20:18:47,53.3668,-104.0009,78.84,34,0,10.36
186,Natitingou,BJ,2022-07-14 20:18:47,10.3042,1.3796,75.15,80,36,4.99
187,Minsk,BY,2022-07-14 20:18:48,53.9,27.5667,62.35,85,72,8.75
188,Kavieng,PG,2022-07-14 20:18:48,-2.5744,150.7967,81.25,79,100,16.62
189,Podsineye,RU,2022-07-14 20:18:48,53.6658,91.5364,51.96,78,0,3.0
190,Biak,ID,2022-07-14 20:13:54,-0.9131,122.8766,73.33,93,100,5.03
191,Saskylakh,RU,2022-07-14 20:18:49,71.9167,114.0833,41.43,85,100,7.0
192,Pangnirtung,CA,2022-07-14 20:18:49,66.1451,-65.7125,50.0,81,20,11.5
193,Itarema,BR,2022-07-14 20:18:49,-2.9248,-39.9167,80.51,76,16,15.57
194,Kailua,US,2022-07-14 20:18:50,21.4022,-157.7394,80.58,87,75,12.66
195,Gimli,CA,2022-07-14 20:18:50,50.6336,-96.9907,71.62,78,100,14.97
196,Rawlins,US,2022-07-14 20:18:50,41.7911,-107.2387,87.69,20,40,4.61
197,Olafsvik,IS,2022-07-14 20:18:51,64.8945,-23.7142,50.7,73,76,1.86
198,Yellowknife,CA,2022-07-14 20:17:15,62.456,-114.3525,68.56,48,75,13.8
199,Yulara,AU,2022-07-14 20:18:51,-25.2406,130.9889,42.6,47,0,8.14
200,Katherine,AU,2022-07-14 20:18:51,-14.4667,132.2667,46.72,87,1,5.75
201,Yuryev-Polskiy,RU,2022-07-14 20:18:51,56.5,39.6833,57.02,91,100,3.31
202,Garowe,SO,2022-07-14 20:18:52,8.4054,48.4845,82.29,51,87,24.56
203,Touros,BR,2022-07-14 20:18:52,-5.1989,-35.4608,78.26,75,13,15.9
204,Hofn,IS,2022-07-14 20:18:52,64.2539,-15.2082,48.09,88,63,6.04
205,Dallas,US,2022-07-14 20:16:03,32.7668,-96.7836,88.27,23,33,3.94
206,Furano,JP,2022-07-14 20:18:53,43.2818,142.4743,59.45,95,99,6.08
207,Samarai,PG,2022-07-14 20:18:53,-10.6167,150.6667,76.14,72,100,19.82
208,Ola,RU,2022-07-14 20:18:53,59.5833,151.2833,64.2,78,99,5.77
209,Tianpeng,CN,2022-07-14 20:18:54,30.9866,103.9393,84.67,89,75,4.52
210,Flinders,AU,2022-07-14 20:15:00,-34.5833,150.8552,45.18,78,0,4.0
211,Kelo,TD,2022-07-14 20:18:54,9.3086,15.8066,75.6,86,96,2.84
212,Tilichiki,RU,2022-07-14 20:18:55,60.4667,166.1,61.16,74,15,16.24
213,Auki,SB,2022-07-14 20:15:19,-8.7676,160.7034,76.03,85,100,3.71
214,Longyearbyen,SJ,2022-07-14 20:18:55,78.2186,15.6401,57.04,67,40,16.11
215,Sisimiut,GL,2022-07-14 20:18:55,66.9395,-53.6735,49.64,61,3,18.37
216,Bengkulu,ID,2022-07-14 20:18:56,-3.8004,102.2655,76.77,89,100,4.29
217,Derzhavinsk,KZ,2022-07-14 20:14:32,51.1,66.3167,72.59,44,0,7.76
218,Baikunthpur,IN,2022-07-14 20:18:56,23.25,82.55,78.03,80,100,6.2
219,Sorland,NO,2022-07-14 20:18:57,67.667,12.6934,51.66,87,100,16.33
220,Half Moon Bay,US,2022-07-14 20:15:11,37.4636,-122.4286,87.55,69,75,20.71
221,Sevenoaks,GB,2022-07-14 20:18:57,51.27,0.1928,69.75,38,0,6.91
222,Sao Gabriel Da Cachoeira,BR,2022-07-14 20:18:57,-0.1303,-67.0892,84.27,69,99,1.74
223,Bar Harbor,US,2022-07-14 20:18:57,44.3876,-68.2039,77.34,63,100,12.66
224,Labuhan,ID,2022-07-14 20:18:58,-6.8844,112.2051,76.68,90,52,7.38
225,Aplahoue,BJ,2022-07-14 20:18:58,6.9333,1.6833,73.69,90,96,7.27
226,San Patricio,US,2022-07-14 20:18:58,28.017,-97.5169,98.19,37,35,15.55
227,Mahebourg,MU,2022-07-14 20:18:59,-20.4081,57.7,69.26,88,75,11.5
228,Marsh Harbour,BS,2022-07-14 20:18:59,26.5412,-77.0636,83.86,61,6,12.3
229,Karratha,AU,2022-07-14 20:18:59,-20.7377,116.8463,62.26,57,52,9.22
230,Maceio,BR,2022-07-14 20:16:19,-9.6658,-35.7353,78.24,69,40,10.36
231,Katangli,RU,2022-07-14 20:19:00,51.7102,143.2326,52.03,97,100,9.06
232,Mackenzie,CA,2022-07-14 20:15:17,55.2999,-123.1698,64.04,52,100,10.16
233,Lata,PT,2022-07-14 20:19:00,40.1629,-8.3327,82.08,45,95,2.42
234,Roberval,CA,2022-07-14 20:19:00,48.5168,-72.2324,73.85,52,75,5.75
235,Lompoc,US,2022-07-14 20:19:01,34.6391,-120.4579,90.7,70,0,14.97
236,Avera,US,2022-07-14 20:19:01,33.194,-82.5271,86.05,77,100,5.19
237,Akdepe,TM,2022-07-14 20:19:01,42.0551,59.3788,82.49,27,0,10.76
238,Aasiaat,GL,2022-07-14 20:19:02,68.7098,-52.8699,38.26,89,35,12.37
239,Vestmannaeyjar,IS,2022-07-14 20:19:02,63.4427,-20.2734,51.22,74,19,9.17
240,Westport,US,2022-07-14 20:15:46,41.1415,-73.3579,89.28,56,20,8.05
241,Mindyak,RU,2022-07-14 20:19:02,54.0231,58.7891,61.5,85,100,1.54
242,Maumere,ID,2022-07-14 20:19:03,-8.6199,122.2111,74.62,78,10,3.78
243,Port Hedland,AU,2022-07-14 20:19:03,-20.3167,118.5667,51.85,87,65,6.91
244,Xam Nua,LA,2022-07-14 20:19:03,20.4197,104.0439,67.1,99,100,1.36
245,Aksay,RU,2022-07-14 20:19:03,47.26,39.87,72.25,43,0,8.01
246,Yaval,IN,2022-07-14 20:19:04,21.1667,75.7,76.28,95,100,5.28
247,Matagami,CA,2022-07-14 20:17:34,49.7502,-77.6328,71.71,30,0,5.75
248,Alyangula,AU,2022-07-14 20:19:04,-13.8483,136.4192,67.32,62,17,13.09
249,Roma,US,2022-07-14 20:18:03,43.2128,-75.4557,78.94,50,75,10.36
250,Nome,US,2022-07-14 20:19:04,64.5011,-165.4064,60.17,82,0,6.91
251,Sao Miguel,BR,2022-07-14 20:16:08,-5.4667,-35.3667,77.77,78,21,15.86
252,Iskateley,RU,2022-07-14 20:16:24,67.6803,53.1512,71.71,67,91,7.07
253,Bonnyville,CA,2022-07-14 20:19:05,54.2668,-110.735,76.8,55,20,12.1
254,Vaini,TO,2022-07-14 20:19:05,-21.2,-175.2,77.16,94,20,6.91
255,Calvinia,ZA,2022-07-14 20:19:06,-31.4707,19.776,49.08,80,0,4.05
256,Osakarovka,KZ,2022-07-14 20:19:06,50.565,72.5692,68.04,42,58,3.78
257,Fengcheng,CN,2022-07-14 20:19:06,40.4536,124.0717,66.2,91,0,1.3
258,Ende,ID,2022-07-14 20:19:07,-8.8432,121.6623,72.79,87,21,1.45
259,Ust-Ilimsk,RU,2022-07-14 20:19:07,58.0006,102.6619,51.66,93,77,2.17
260,Tatawin,TN,2022-07-14 20:19:07,32.9297,10.4518,76.95,59,0,13.85
261,Kawalu,ID,2022-07-14 20:19:08,-7.3817,108.2082,72.79,98,100,0.98
262,Tabas,IR,2022-07-14 20:19:08,33.5959,56.9244,86.95,17,0,13.96
263,Cockburn Town,TC,2022-07-14 20:19:08,21.4612,-71.1419,81.1,78,90,19.77
264,Arraial Do Cabo,BR,2022-07-14 20:19:09,-22.9661,-42.0278,73.36,83,0,13.8
265,Siguiri,GN,2022-07-14 20:19:09,11.6667,-9.5,82.33,67,86,3.65
266,Roald,NO,2022-07-14 20:19:09,62.5833,6.1333,54.16,82,40,9.22
267,Norman Wells,CA,2022-07-14 20:19:09,65.282,-126.8329,51.84,76,100,14.97
268,Wajir,KE,2022-07-14 20:19:10,1.7471,40.0573,76.06,74,65,18.32
269,Petropavlovsk-Kamchatskiy,RU,2022-07-14 20:19:10,53.0452,158.6483,57.79,100,75,2.24
270,Kushiro,JP,2022-07-14 20:19:10,42.975,144.3747,61.07,95,100,8.16
271,Ovalle,CL,2022-07-14 20:19:11,-30.5983,-71.2003,50.04,95,100,4.88
272,Vao,NC,2022-07-14 20:19:11,-22.6667,167.4833,71.64,54,57,25.12
273,Quatre Cocos,MU,2022-07-14 20:19:11,-20.2078,57.7625,69.1,74,80,15.39
274,Sao Filipe,CV,2022-07-14 20:19:12,14.8961,-24.4956,75.78,75,8,13.15
275,Katobu,ID,2022-07-14 20:19:12,-4.9408,122.5276,73.85,88,73,3.09
276,Huambo,AO,2022-07-14 20:19:12,-12.7761,15.7392,58.05,36,0,4.38
277,Verkhnyaya Inta,RU,2022-07-14 20:19:12,65.9811,60.3094,69.75,61,0,7.65
278,Kavaratti,IN,2022-07-14 20:15:04,10.5669,72.642,81.68,80,94,23.69
279,Cherskiy,RU,2022-07-14 20:15:05,68.75,161.3,45.19,58,100,1.88
280,Thompson,CA,2022-07-14 20:16:41,55.7435,-97.8558,71.76,83,75,2.3
281,Ayna,PE,2022-07-14 20:19:13,-12.65,-73.9167,71.19,62,88,4.14
282,North Bend,US,2022-07-14 20:19:13,43.4065,-124.2243,75.24,77,0,16.11
283,Jacareacanga,BR,2022-07-14 20:19:13,-6.2222,-57.7528,96.12,27,4,3.96
284,San Quintin,MX,2022-07-14 20:19:14,30.4833,-115.95,73.08,66,0,13.44
285,Krasnyy Chikoy,RU,2022-07-14 20:19:14,50.3643,108.7512,56.39,97,90,3.18
286,Mount Isa,AU,2022-07-14 20:19:14,-20.7333,139.5,42.57,56,11,9.22
287,Santa Barbara,US,2022-07-14 20:18:41,34.7333,-120.0343,93.34,40,0,9.22
288,Nanfeng,CN,2022-07-14 20:19:15,23.7434,111.7959,79.52,87,62,1.12
289,Bobo Dioulasso,BF,2022-07-14 20:19:15,11.1771,-4.2979,79.03,70,78,5.95
290,Bara,NG,2022-07-14 20:19:15,10.3744,10.7288,74.59,88,58,8.32
291,Sola,VU,2022-07-14 20:19:16,-13.8833,167.55,79.65,71,34,2.15
292,Lixourion,GR,2022-07-14 20:19:16,38.2019,20.4314,78.8,38,0,12.66
293,Zyryanka,RU,2022-07-14 20:19:16,65.75,150.85,58.77,63,100,6.87
294,Isangel,VU,2022-07-14 20:19:16,-19.55,169.2667,75.31,94,100,1.14
295,Kabare,CD,2022-07-14 20:19:17,-2.4683,28.8242,60.6,73,8,0.87
296,Grand Gaube,MU,2022-07-14 20:19:17,-20.0064,57.6608,69.39,72,30,4.0
297,Abu Kamal,SY,2022-07-14 20:19:17,34.4506,40.9171,92.41,19,0,14.03
298,Harlingen,US,2022-07-14 20:14:32,26.1906,-97.6961,95.09,39,40,14.97
299,Omboue,GA,2022-07-14 20:19:18,-1.5746,9.2618,71.49,87,0,5.59
300,Ambon,ID,2022-07-14 20:19:18,-3.6954,128.1814,78.24,15,75,9.22
301,Paysandu,UY,2022-07-14 20:19:18,-32.3214,-58.0756,63.88,96,100,6.15
302,Cabo San Lucas,MX,2022-07-14 20:19:19,22.8909,-109.9124,94.3,51,0,10.36
303,Finale Ligure,IT,2022-07-14 20:19:19,44.1695,8.3436,81.28,72,0,1.99
304,Bilma,NE,2022-07-14 20:14:54,18.6853,12.9164,95.04,16,10,8.57
305,Marienburg,PL,2022-07-14 20:19:19,54.0359,19.0266,63.12,67,100,6.55
306,Batagay,RU,2022-07-14 20:19:19,67.6333,134.6333,64.29,63,42,2.59
307,Mokrousovo,RU,2022-07-14 20:19:20,55.8103,66.7653,65.79,88,1,2.55
308,Aberdeen,GB,2022-07-14 20:19:20,57.1437,-2.0981,60.49,88,100,9.22
309,Tautira,PF,2022-07-14 20:19:20,-17.7333,-149.15,75.16,70,93,22.3
310,Pueblo Rico,CO,2022-07-14 20:19:21,5.2383,-76.0364,70.93,86,84,4.34
311,Coleraine,GB,2022-07-14 20:19:21,55.1333,-6.6667,60.71,91,100,8.32
312,Bubaque,GW,2022-07-14 20:19:21,11.2833,-15.8333,80.4,81,100,13.29
313,San Jose,US,2022-07-14 20:17:18,37.3394,-121.895,90.25,48,0,6.91
314,Itoman,JP,2022-07-14 20:19:22,26.1247,127.6694,82.78,94,20,5.75
315,Caravelas,BR,2022-07-14 20:18:49,-17.7125,-39.2481,73.29,78,6,6.26
316,Okhotsk,RU,2022-07-14 20:19:22,59.3833,143.3,59.97,94,80,2.86
317,Elko,US,2022-07-14 20:19:22,41.0002,-115.5012,97.05,11,3,7.0
318,San Juan Del Sur,NI,2022-07-14 20:19:23,11.2529,-85.8705,82.04,79,47,18.84
319,Pangkalanbuun,ID,2022-07-14 20:19:23,-2.6833,111.6167,74.48,94,100,2.64
320,Correntina,BR,2022-07-14 20:19:23,-13.3433,-44.6367,84.96,24,5,5.82
321,Rocha,UY,2022-07-14 20:18:27,-34.4833,-54.3333,58.32,89,60,9.62
322,North Myrtle Beach,US,2022-07-14 20:16:52,33.816,-78.68,89.1,80,20,12.66
323,Te Anau,NZ,2022-07-14 20:19:24,-45.4167,167.7167,34.09,94,89,0.72
324,Baracoa,CU,2022-07-14 20:19:24,20.3467,-74.4958,85.14,68,19,8.46
325,Manosque,FR,2022-07-14 20:19:24,43.8288,5.7869,75.56,58,3,4.76
326,Pacific Grove,US,2022-07-14 20:19:25,36.6177,-121.9166,79.39,84,75,10.0
327,Brae,GB,2022-07-14 20:19:25,60.3964,-1.353,52.77,90,95,12.01
328,Sattahip,TH,2022-07-14 20:19:25,12.6664,100.9007,82.49,83,40,4.61
329,El Sauzal,MX,2022-07-14 20:19:26,31.9,-116.6833,73.42,73,16,8.93
330,Buchanan,LR,2022-07-14 20:19:26,5.8808,-10.0467,75.83,86,100,9.1
331,Barceloneta,PR,2022-07-14 20:16:18,18.4505,-66.5385,86.23,67,68,21.43
332,Snasa,NO,2022-07-14 20:19:26,64.2457,12.3778,51.21,95,100,15.82
333,Ketchikan,US,2022-07-14 20:18:25,55.3422,-131.6461,57.67,88,100,10.36
334,Siniscola,IT,2022-07-14 20:19:27,40.5719,9.6922,78.35,65,0,4.18
335,Santiago,CL,2022-07-14 20:18:43,-33.4569,-70.6483,51.24,58,100,16.11
336,Vanimo,PG,2022-07-14 20:19:27,-2.6741,141.3028,76.26,90,100,2.21
337,Kudahuvadhoo,MV,2022-07-14 20:19:27,2.6708,72.8944,83.03,74,20,12.41
338,Bukama,CD,2022-07-14 20:19:28,-9.2,25.85,73.62,42,3,1.28
339,Bedesa,ET,2022-07-14 20:19:28,8.9,40.7833,64.92,79,93,1.23
340,Saint-Joseph,RE,2022-07-14 20:19:28,-21.3667,55.6167,65.21,80,88,8.72
341,Puri,IN,2022-07-14 20:19:29,19.8,85.85,81.12,78,88,6.24
342,Mwene-Ditu,CD,2022-07-14 20:19:29,-7.0,23.45,74.66,40,14,2.68
343,Takoradi,GH,2022-07-14 20:16:49,4.8845,-1.7554,75.33,88,53,9.51
344,Belyy Yar,RU,2022-07-14 20:19:29,53.6039,91.3903,51.85,78,0,0.0
345,Taikang,CN,2022-07-14 20:19:29,46.8333,124.4167,65.12,94,96,8.68
346,Lamu,KE,2022-07-14 20:19:30,-2.2717,40.902,75.42,87,99,19.01
347,Masloc,RO,2022-07-14 20:19:30,45.9981,21.4497,78.17,35,50,7.87
348,Sefophe,BW,2022-07-14 20:19:30,-22.1833,27.9667,60.03,31,0,6.96
349,Ocos,GT,2022-07-14 20:19:31,14.5094,-92.1933,89.78,77,100,7.81
350,Banaue,PH,2022-07-14 20:19:31,16.9136,121.0618,67.86,96,100,0.11
351,Phonhong,LA,2022-07-14 20:19:31,18.5007,102.4166,75.54,98,100,4.16
352,Luwuk,ID,2022-07-14 20:19:32,-0.9516,122.7875,74.97,94,100,4.0
353,Bilibino,RU,2022-07-14 20:19:32,68.0546,166.4372,50.56,57,6,2.98
354,Sitka,US,2022-07-14 20:19:32,57.0531,-135.33,62.49,55,75,12.66
355,Putatan,MY,2022-07-14 20:19:32,5.9258,116.0609,77.02,83,20,5.99
356,Garissa,KE,2022-07-14 20:19:33,-0.4536,39.6401,74.86,76,39,17.31
357,Poronaysk,RU,2022-07-14 20:19:33,49.2167,143.1167,55.33,94,100,3.49
358,Normandin,CA,2022-07-14 20:19:33,48.8333,-72.5321,73.53,40,80,4.61
359,Leningradskiy,RU,2022-07-14 20:19:34,69.3833,178.4167,36.25,74,7,11.54
360,Tari,NG,2022-07-14 20:19:34,12.4086,4.4914,88.57,50,82,4.41
361,Nueva Gorgona,PA,2022-07-14 20:19:34,8.55,-79.8667,88.59,42,96,2.15
362,Adrar,MR,2022-07-14 20:19:34,20.5022,-10.0711,101.28,18,19,12.37
363,Bonthe,SL,2022-07-14 20:19:35,7.5264,-12.505,76.59,88,100,7.31
364,Panguipulli,CL,2022-07-14 20:16:12,-39.6333,-72.3333,43.74,77,81,1.28
365,Umm Lajj,SA,2022-07-14 20:17:18,25.0213,37.2685,86.67,59,75,7.61
366,Halifax,CA,2022-07-14 20:14:54,44.6453,-63.5724,74.7,86,100,5.75
367,Yenagoa,NG,2022-07-14 20:19:35,4.9247,6.2642,74.55,91,56,4.59
368,Pingliang,CN,2022-07-14 20:19:36,35.5392,106.6861,69.6,96,52,1.21
369,Mao,ES,2022-07-14 20:19:36,39.8885,4.2658,77.56,78,0,3.44
370,Ponta Delgada,PT,2022-07-14 20:19:36,37.7333,-25.6667,72.32,88,75,9.22
371,Sawakin,SD,2022-07-14 20:19:36,19.1059,37.3321,90.14,55,97,4.65
372,Saint-Georges,GD,2022-07-14 20:19:37,12.0564,-61.7485,85.68,70,40,11.5
373,Talbahat,IN,2022-07-14 20:19:37,25.05,78.4333,87.58,59,20,5.1
374,Rock Springs,US,2022-07-14 20:15:03,41.5875,-109.2029,92.23,24,0,6.91
375,Muisne,EC,2022-07-14 20:19:37,0.6,-80.0333,76.84,81,97,10.98
376,Koson,UZ,2022-07-14 20:19:38,39.0375,65.585,73.72,21,0,13.06
377,Lasa,IT,2022-07-14 20:19:38,46.6166,10.7002,72.48,74,21,2.73
378,Sumoto,JP,2022-07-14 20:19:38,34.35,134.9,77.04,91,97,4.16
379,Batagay-Alyta,RU,2022-07-14 20:19:39,67.8006,130.4114,63.91,64,71,1.43
380,Mana,GF,2022-07-14 20:19:39,5.6592,-53.7767,81.16,85,51,5.68
381,Mapiripan,CO,2022-07-14 20:19:39,2.8892,-72.1256,81.86,81,89,4.85
382,Tuatapere,NZ,2022-07-14 20:19:39,-46.1333,167.6833,40.78,95,100,3.29
383,Namibe,AO,2022-07-14 20:19:40,-15.1961,12.1522,65.39,86,81,2.19
384,Fukue,JP,2022-07-14 20:19:40,32.6881,128.8419,80.17,92,99,4.27
385,Lazaro Cardenas,MX,2022-07-14 20:19:40,17.9583,-102.2,88.59,58,96,8.52
386,Balakhninskiy,RU,2022-07-14 20:19:41,58.0106,114.2769,60.01,92,41,2.73
387,Kahului,US,2022-07-14 20:15:59,20.8947,-156.47,82.42,73,20,23.02
388,Humberto De Campos,BR,2022-07-14 20:19:41,-2.5983,-43.4611,80.22,83,44,6.22
389,Fort Nelson,CA,2022-07-14 20:17:03,58.8053,-122.7002,71.19,37,75,8.05
390,Victoria,HK,2022-07-14 20:19:04,22.2855,114.1577,85.32,83,89,4.0
391,Chicama,PE,2022-07-14 20:19:41,-7.8447,-79.1469,61.34,59,1,10.25
392,Sarangani,PH,2022-07-14 20:19:42,5.4033,125.4636,81.5,76,68,5.1
393,Novikovo,RU,2022-07-14 20:19:42,51.1537,37.8879,58.53,90,1,8.23
394,Paamiut,GL,2022-07-14 20:19:42,61.994,-49.6678,42.89,93,100,3.42
395,Batsfjord,NO,2022-07-14 20:19:43,70.6345,29.7185,58.78,100,75,3.44
396,Sargatskoye,RU,2022-07-14 20:19:43,55.6101,73.4972,62.56,97,100,6.76
397,Faya,SA,2022-07-14 20:19:43,18.3851,42.4509,69.91,51,99,3.58
398,Puerto Del Rosario,ES,2022-07-14 20:19:43,28.5004,-13.8627,74.95,69,20,17.27
399,Shestakovo,RU,2022-07-14 20:19:44,56.4915,103.96,50.54,97,100,0.78
400,Amapa,BR,2022-07-14 20:19:44,1.0,-52.0,79.41,91,47,2.71
401,Dunedin,NZ,2022-07-14 20:19:44,-45.8742,170.5036,43.81,79,100,11.01
402,Bandarbeyla,SO,2022-07-14 20:19:45,9.4942,50.8122,77.9,82,99,32.5
403,San Cristobal,VE,2022-07-14 20:17:27,7.7669,-72.225,82.58,38,42,3.98
404,Aksu,CN,2022-07-14 20:19:45,41.1231,80.2644,75.42,34,97,4.34
405,Barranca,PE,2022-07-14 20:19:45,-10.75,-77.7667,63.86,73,25,13.51
406,Nizhniy Odes,RU,2022-07-14 20:19:46,63.6445,54.856,64.63,97,100,4.74
407,Arawa,PG,2022-07-14 20:19:46,-6.2132,155.5367,74.32,88,100,4.03
408,Cheyenne,US,2022-07-14 20:19:46,41.14,-104.8203,88.77,33,100,18.41
409,Shiyan,CN,2022-07-14 20:19:46,32.6475,110.7781,80.69,96,100,0.78
410,Tran,BG,2022-07-14 20:19:47,42.8353,22.6517,61.34,54,7,2.08
411,Katsuura,JP,2022-07-14 20:19:47,35.1333,140.3,75.22,93,100,6.26
412,Fuyang,CN,2022-07-14 20:19:47,32.9,115.8167,82.36,85,98,3.31
413,Moscow,RU,2022-07-14 20:19:48,55.7522,37.6156,62.46,88,100,3.18
414,Muli,MV,2022-07-14 20:19:48,2.9167,73.5667,83.44,74,6,12.93
415,Gamba,GA,2022-07-14 20:19:48,-2.65,10.0,69.96,91,2,6.96
416,Progreso,MX,2022-07-14 20:19:49,21.2833,-89.6667,91.51,50,100,11.81
417,The Valley,AI,2022-07-14 20:19:49,18.217,-63.0578,85.86,80,36,23.06
418,Ambilobe,MG,2022-07-14 20:19:49,-13.2,49.05,68.56,78,86,3.87
419,Union,US,2022-07-14 20:16:28,40.6334,-74.2663,92.16,44,40,11.5
420,Iskenderun,TR,2022-07-14 20:19:49,36.5872,36.1735,81.43,79,1,6.02
421,Ndele,CF,2022-07-14 20:19:50,8.4109,20.6473,69.94,97,95,4.32
422,Gold Coast,AU,2022-07-14 20:19:50,-28.0,153.4333,57.27,81,1,12.66
423,Tual,ID,2022-07-14 20:19:50,-5.6667,132.75,78.62,80,98,24.2
424,Majene,ID,2022-07-14 20:19:51,-3.5403,118.9707,75.97,88,100,2.95
425,Easley,US,2022-07-14 20:19:51,34.8298,-82.6015,87.96,54,40,3.44
426,Seoul,KR,2022-07-14 20:19:52,37.5683,126.9778,72.79,100,40,1.14
427,Antalaha,MG,2022-07-14 20:19:52,-14.9003,50.2788,66.6,85,44,7.25
428,Lere,NG,2022-07-14 20:19:52,10.387,8.5726,70.29,91,94,3.47
429,Fairbanks,US,2022-07-14 20:18:14,64.8378,-147.7164,65.61,39,0,9.22
430,Macheng,CN,2022-07-14 20:19:53,31.1783,115.0319,82.65,80,100,3.15
431,Sharjah,AE,2022-07-14 20:19:53,25.3573,55.4033,98.58,46,0,4.61
432,Puerto Escondido,MX,2022-07-14 20:19:53,15.85,-97.0667,83.23,69,100,8.05
433,Yar-Sale,RU,2022-07-14 20:19:53,66.8333,70.8333,57.27,66,100,7.92
434,Awbari,LY,2022-07-14 20:19:54,26.5921,12.7805,85.21,21,0,10.92
435,Muros,ES,2022-07-14 20:19:54,42.7762,-9.0603,81.09,61,100,1.45
436,Dublin,US,2022-07-14 20:19:54,37.7021,-121.9358,93.24,48,0,11.5
437,Marystown,CA,2022-07-14 20:19:22,47.1666,-55.1483,66.88,60,100,5.84
438,Camacha,PT,2022-07-14 20:19:55,33.0833,-16.3333,67.42,83,20,12.66
439,Parabel,RU,2022-07-14 20:19:55,58.6978,81.4825,50.2,87,26,3.49
440,Bolgatanga,GH,2022-07-14 20:19:55,10.7856,-0.8514,84.2,58,53,7.05
441,Porto Novo,BJ,2022-07-14 20:19:56,6.4965,2.6036,75.87,87,99,8.12
442,Kousseri,CM,2022-07-14 20:19:56,12.0769,15.0306,81.84,65,100,6.02
443,Farafangana,MG,2022-07-14 20:19:56,-22.8167,47.8333,65.71,86,31,5.12
444,Pandan,PH,2022-07-14 20:19:56,14.0453,124.1694,79.47,85,45,4.52
445,Srednekolymsk,RU,2022-07-14 20:19:57,67.45,153.6833,53.51,40,68,10.94
446,Alekseyevka,RU,2022-07-14 20:19:57,50.6309,38.6903,59.54,86,4,10.87
447,Lerwick,GB,2022-07-14 20:19:57,60.1545,-1.1494,51.8,88,77,13.29
448,Matadi,CD,2022-07-14 20:19:58,-5.8167,13.45,74.35,70,11,4.83
449,Vila Franca Do Campo,PT,2022-07-14 20:19:58,37.7167,-25.4333,72.01,89,100,8.43
450,Havoysund,NO,2022-07-14 20:19:58,70.9963,24.6622,57.43,98,100,6.4
451,Fram,PY,2022-07-14 20:19:59,-26.9833,-55.8833,73.99,68,95,10.13
452,Orzu,TJ,2022-07-14 20:19:59,37.5593,68.8184,77.4,18,0,3.29
453,Cayhagan,PH,2022-07-14 20:19:59,9.6697,122.4256,78.21,81,62,0.36
454,Yambio,SS,2022-07-14 20:19:59,4.5721,28.3955,68.7,95,100,1.52
455,Melita,CA,2022-07-14 20:15:13,49.2681,-100.9967,78.55,60,6,7.83
456,Koungou,YT,2022-07-14 20:20:00,-12.7336,45.2042,74.91,73,0,9.22
457,Inhambane,MZ,2022-07-14 20:20:00,-23.865,35.3833,67.05,67,0,7.11
458,North Platte,US,2022-07-14 20:16:48,41.1239,-100.7654,104.11,22,0,4.61
459,Belmonte,BR,2022-07-14 20:20:00,-15.8631,-38.8828,74.73,76,24,8.37
460,Hambantota,LK,2022-07-14 20:20:01,6.1241,81.1185,79.18,78,64,17.05
461,Homer,US,2022-07-14 20:20:01,59.6425,-151.5483,57.07,90,100,8.05
462,Villefranche-De-Rouergue,FR,2022-07-14 20:20:01,44.3333,2.0,81.37,34,9,3.29
463,Clyde River,CA,2022-07-14 20:20:02,70.4692,-68.5914,48.43,71,0,6.91
464,Antofagasta,CL,2022-07-14 20:16:03,-23.65,-70.4,60.08,70,44,5.93
465,Grindavik,IS,2022-07-14 20:20:02,63.8424,-22.4338,51.75,76,75,6.91
466,Buluang,PH,2022-07-14 20:20:03,13.3068,123.3425,77.49,91,74,1.74
467,Slavutych,UA,2022-07-14 20:20:03,51.5196,30.7343,59.77,80,4,6.69
468,Sao Sepe,BR,2022-07-14 20:20:03,-30.1606,-53.5653,58.57,99,100,5.57
469,Qaqortoq,GL,2022-07-14 20:20:04,60.7167,-46.0333,51.3,67,100,4.14
470,Narsaq,GL,2022-07-14 20:20:04,60.9167,-46.05,61.02,61,100,4.79
471,Lambarene,GA,2022-07-14 20:20:04,-0.7001,10.2406,75.96,74,7,7.31
472,Tambo,PE,2022-07-14 20:20:05,-14.8,-73.9167,46.47,14,94,12.3
473,Kalmar,SE,2022-07-14 20:20:05,56.6616,16.3616,61.97,71,98,1.99
474,Varangaon,IN,2022-07-14 20:20:05,21.0167,75.9,76.28,93,100,7.92
475,Ugoofaaru,MV,2022-07-14 20:20:05,5.6667,73.0,82.83,78,83,16.53
476,Shumskiy,RU,2022-07-14 20:20:06,54.8318,99.1328,53.37,75,100,3.71
477,Boa Vista,BR,2022-07-14 20:17:06,2.8197,-60.6733,80.58,78,75,4.61
478,Guerrero Negro,MX,2022-07-14 20:20:06,27.9769,-114.0611,75.56,56,3,15.88
479,Mersing,MY,2022-07-14 20:17:14,2.4312,103.8405,75.11,94,40,5.75
480,Port Keats,AU,2022-07-14 20:20:06,-14.25,129.55,57.81,48,8,8.72
481,Shilovo,RU,2022-07-14 20:20:07,54.3204,40.874,57.81,92,98,6.71
482,Stepnyak,KZ,2022-07-14 20:20:07,52.8339,70.7803,67.28,67,0,5.1
483,Beinamar,TD,2022-07-14 20:20:07,8.6698,15.3813,73.24,88,65,1.05
484,Warwick,US,2022-07-14 20:18:01,41.7001,-71.4162,88.75,68,75,17.27
485,Shingu,JP,2022-07-14 20:20:08,33.7333,135.9833,73.29,96,93,1.45
486,Mombetsu,JP,2022-07-14 20:20:08,44.3525,143.3525,60.21,94,79,9.1
487,Bereda,ES,2022-07-14 20:20:08,43.2686,-7.5406,75.58,86,100,5.61
488,Talakan,RU,2022-07-14 20:20:09,50.3167,130.3667,64.94,96,22,5.41
489,Kloulklubed,PW,2022-07-14 20:20:09,7.0419,134.2556,81.9,79,84,6.87
490,Camana,PE,2022-07-14 20:20:09,-16.6228,-72.7111,62.83,71,88,9.89
491,Nabire,ID,2022-07-14 20:20:10,-3.3667,135.4833,76.12,92,100,3.29
492,Dali,CN,2022-07-14 20:20:10,25.7,100.1833,65.28,86,45,2.82
493,Port Lincoln,AU,2022-07-14 20:17:07,-34.7333,135.8667,49.35,67,39,11.74
494,Salalah,OM,2022-07-14 20:20:10,17.0151,54.0924,77.9,93,97,5.79
495,Kushima,JP,2022-07-14 20:20:11,31.4583,131.2333,79.63,89,86,8.37
496,Talcahuano,CL,2022-07-14 20:15:15,-36.7167,-73.1167,40.68,93,100,12.66
497,Talnakh,RU,2022-07-14 20:19:55,69.4865,88.3972,52.95,72,100,2.35
498,Shieli,KZ,2022-07-14 20:20:11,44.1667,66.75,80.94,20,0,9.62
499,Necochea,AR,2022-07-14 20:20:12,-38.5473,-58.7368,51.96,83,100,14.38
500,Kiunga,PG,2022-07-14 20:20:12,-6.1219,141.2906,70.14,97,98,3.31
501,Kayes,ML,2022-07-14 20:20:12,14.0,-11.0,87.55,59,100,6.73
502,Sao Felix Do Xingu,BR,2022-07-14 20:20:12,-6.6447,-51.995,92.77,32,27,5.39
503,Behat,IN,2022-07-14 20:20:13,30.1667,77.6167,81.18,69,97,6.17
504,Slave Lake,CA,2022-07-14 20:17:03,55.2834,-114.769,67.98,49,100,8.05
505,De-Kastri,RU,2022-07-14 20:20:13,51.4667,140.7833,57.88,98,100,4.56
506,Mackay,AU,2022-07-14 20:18:15,-21.15,149.2,50.68,65,58,12.39
507,Shubarkuduk,KZ,2022-07-14 20:20:14,49.1447,56.4872,85.28,22,89,11.41
508,Genhe,CN,2022-07-14 20:20:14,50.7833,121.5167,57.43,97,100,3.98
509,Ust-Nera,RU,2022-07-14 20:20:14,64.5667,143.2,66.36,74,100,3.31
510,Terrace Bay,CA,2022-07-14 20:20:15,48.7834,-87.1,54.28,65,31,7.25
511,Monrovia,LR,2022-07-14 20:20:15,6.3005,-10.7969,78.57,84,100,10.63
512,Shelburne,CA,2022-07-14 20:20:15,44.0787,-80.2041,75.24,31,35,8.95
513,Kenora,CA,2022-07-14 20:17:07,49.8167,-94.4337,76.17,50,100,8.05
514,Hadejia,NG,2022-07-14 20:20:16,12.4498,10.0444,87.87,45,96,10.65
515,Santa Rosa,PH,2022-07-14 20:20:16,14.3122,121.1114,82.11,91,37,1.59
516,Tessalit,ML,2022-07-14 20:20:16,20.1986,1.0114,98.67,24,3,15.95
517,Miranda,CO,2022-07-14 20:20:17,3.2499,-76.2281,77.13,66,56,1.95
518,Gravdal,NO,2022-07-14 20:20:17,68.1214,13.5031,51.69,100,75,11.5
519,Kananga,CD,2022-07-14 20:20:17,-5.8958,22.4178,80.42,35,96,0.81
520,Isla Vista,US,2022-07-14 20:20:17,34.4133,-119.861,96.39,32,13,6.02
521,Vazante,BR,2022-07-14 20:20:18,-17.9869,-46.9078,79.99,31,53,7.11
522,Lukovetskiy,RU,2022-07-14 20:20:18,64.2956,41.9211,61.0,72,99,3.42
523,Kaeo,NZ,2022-07-14 20:20:18,-35.1,173.7833,50.32,96,100,4.92
524,Strathpeffer,GB,2022-07-14 20:20:19,57.588,-4.5382,60.12,73,71,6.6
525,Nansio,TZ,2022-07-14 20:20:19,-2.1333,33.05,74.84,59,11,6.49
526,Kharabali,RU,2022-07-14 20:20:19,47.4196,47.2568,71.62,63,0,13.69
527,San Carlos De Bariloche,AR,2022-07-14 20:20:20,-41.1456,-71.3082,37.24,69,75,11.5
528,Goure,NE,2022-07-14 20:20:20,13.9835,10.2704,90.01,28,43,9.17
529,Saint-Louis,SN,2022-07-14 20:20:20,16.3333,-15.0,96.39,35,37,12.48
530,Dzaoudzi,YT,2022-07-14 20:20:20,-12.7887,45.2699,75.09,73,0,9.22
531,Buraydah,SA,2022-07-14 20:20:21,26.326,43.975,93.65,13,3,9.01
532,Kamenka,RU,2022-07-14 20:20:21,51.3223,42.7678,59.32,86,18,11.88
533,Niksic,ME,2022-07-14 20:20:21,42.7731,18.9445,57.06,57,15,4.25
534,Ust-Kuyga,RU,2022-07-14 20:20:22,70.0167,135.6,63.05,61,100,3.85
535,Bose,IT,2022-07-14 20:20:22,45.4612,8.0137,80.19,68,1,5.19
536,Margate,GB,2022-07-14 20:20:22,51.3813,1.3862,65.3,77,74,3.0
537,San Rafael Del Sur,NI,2022-07-14 20:20:23,11.8485,-86.4384,84.58,66,88,15.08
538,Tselinnoye,RU,2022-07-14 20:20:23,53.0833,85.6667,52.27,64,88,4.97
539,Lodja,CD,2022-07-14 20:20:23,-3.4833,23.4333,80.69,43,99,0.51
540,Semnan,IR,2022-07-14 20:20:23,35.5729,53.3971,85.84,21,0,6.91
541,Wau,SS,2022-07-14 20:17:32,7.7029,27.9953,69.64,94,100,2.71
542,La Asuncion,VE,2022-07-14 20:20:24,11.0333,-63.8628,87.53,62,3,16.11
543,Canyon,US,2022-07-14 20:20:24,34.9803,-101.9188,103.51,19,3,8.3
544,Manaure,CO,2022-07-14 20:20:24,11.7751,-72.4445,89.73,46,37,19.06
545,Hays,US,2022-07-14 20:20:25,30.0502,-98.0336,103.3,35,1,1.99
546,Moyale,KE,2022-07-14 20:20:25,3.5167,39.0584,67.26,79,92,15.01
547,Sirnak,TR,2022-07-14 20:20:25,37.5228,42.4594,77.63,13,0,4.32
548,San Isidro,PE,2022-07-14 20:20:26,-12.1167,-77.05,62.19,72,75,12.66
549,Dwarka,IN,2022-07-14 20:20:26,22.2394,68.9678,82.04,85,100,5.99
550,French Harbor,HN,2022-07-14 20:20:26,16.35,-86.4333,87.08,77,75,25.32
551,Egvekinot,RU,2022-07-14 20:20:26,66.3167,-179.1667,46.29,61,100,5.17
552,Chapais,CA,2022-07-14 20:20:27,49.7834,-74.8492,71.38,36,90,4.54
553,Dudinka,RU,2022-07-14 20:20:27,69.4058,86.1778,48.6,78,98,6.85
554,Dryden,CA,2022-07-14 20:20:27,49.7833,-92.7503,73.69,46,100,10.36
555,Sibolga,ID,2022-07-14 20:20:28,1.7427,98.7792,77.7,91,100,2.08
556,Magan,ES,2022-07-14 20:20:28,39.9683,-3.931,99.12,14,0,4.25
557,Miri,MY,2022-07-14 20:20:28,4.4148,114.0089,75.34,100,40,3.44
558,Padang,ID,2022-07-14 20:20:28,-0.9492,100.3543,77.05,85,100,5.57
559,Chapleau,CA,2022-07-14 20:17:03,47.8405,-83.4034,71.69,35,75,2.3
560,Vrangel,RU,2022-07-14 20:20:29,42.7297,133.0839,65.28,90,100,18.92
561,Hobyo,SO,2022-07-14 20:19:16,5.3505,48.5268,77.9,82,100,23.51
562,Sheridan,US,2022-07-14 20:18:03,44.8333,-106.9173,94.01,27,0,3.0
563,Raga,SS,2022-07-14 20:20:29,8.4596,25.678,69.93,96,99,3.65
564,Biltine,TD,2022-07-14 20:20:30,14.5333,20.9167,80.85,65,100,6.02
565,Palu,ID,2022-07-14 20:20:30,-0.8917,119.8707,73.96,95,100,3.56
566,Rawson,AR,2022-07-14 20:20:30,-43.3002,-65.1023,45.64,64,100,13.94
567,Bucerias,MX,2022-07-14 20:20:30,20.75,-105.3333,89.98,74,40,11.5
568,Leh,IN,2022-07-14 20:20:31,34.1667,77.5833,58.66,67,98,6.4
569,Poum,NC,2022-07-14 20:20:31,-20.2333,164.0167,71.29,55,9,18.81
570,Berdigestyakh,RU,2022-07-14 20:20:31,62.0989,126.6992,61.43,98,6,3.2
571,Bani,DO,2022-07-14 20:20:32,18.2833,-70.3333,85.86,58,100,14.43
572,Zhongshu,CN,2022-07-14 20:20:32,24.5167,103.7667,61.95,93,52,0.36
573,Batesville,US,2022-07-14 20:19:42,35.7698,-91.641,98.08,36,20,13.8
574,Madang,PG,2022-07-14 20:20:32,-5.2246,145.7966,77.31,90,100,5.32
575,Nagai,JP,2022-07-14 20:20:33,38.1036,140.035,68.18,99,100,2.42
576,Bathsheba,BB,2022-07-14 20:17:11,13.2167,-59.5167,88.41,84,20,19.57
577,Nouadhibou,MR,2022-07-14 20:20:33,20.931,-17.0347,69.78,88,37,19.57
578,Minab,IR,2022-07-14 20:20:33,27.1467,57.0801,95.32,43,52,2.3
579,Sunland Park,US,2022-07-14 20:20:34,31.7965,-106.58,97.25,27,0,13.8
580,Qobustan,AZ,2022-07-14 20:20:34,40.0824,49.412,84.22,49,0,14.74
581,Severiano Melo,BR,2022-07-14 20:20:34,-5.7772,-37.9578,83.35,51,95,5.5
582,Wilmington,US,2022-07-14 20:20:35,34.2257,-77.9447,89.51,70,40,5.99
583,Praia Da Vitoria,PT,2022-07-14 20:18:23,38.7333,-27.0667,74.75,83,40,16.75
584,Altay,CN,2022-07-14 20:20:35,47.8667,88.1167,53.26,53,0,5.21
585,Maragogi,BR,2022-07-14 20:20:35,-9.0122,-35.2225,75.47,81,6,9.82
586,Dandong,CN,2022-07-14 20:20:35,40.1292,124.3947,67.64,91,0,1.83
587,Nisia Floresta,BR,2022-07-14 20:20:36,-6.0911,-35.2086,80.98,79,14,11.74
588,Axim,GH,2022-07-14 20:16:19,4.8699,-2.2405,75.67,88,96,8.81
589,Merrill,US,2022-07-14 20:20:36,45.1805,-89.6835,79.57,53,40,4.61
590,Ventspils,LV,2022-07-14 20:20:36,57.3894,21.5606,57.13,94,75,5.75
591,Yerbogachen,RU,2022-07-14 20:20:37,61.2767,108.0108,51.87,97,100,3.36
592,Yerbogachen,RU,2022-07-14 20:20:37,61.2767,108.0108,51.87,97,100,3.36
