City_ID,City,Lat,Lng,Max Temp,Humidity,Cloudiness,Wind Speed,Country,Date,Current Description
0,Katsuura,35.1333,140.3,75.22,97,100,12.93,JP,2022-07-16 14:49:22,light rain
1,Busselton,-33.65,115.3333,56.93,75,81,5.48,AU,2022-07-16 14:45:52,broken clouds
2,Sarh,9.1429,18.3923,80.51,78,40,6.91,TD,2022-07-16 14:49:22,thunderstorm
3,Punta Arenas,-53.15,-70.9167,30.11,100,100,9.06,CL,2022-07-16 14:49:23,overcast clouds
4,North Platte,41.1239,-100.7654,78.98,66,0,3.0,US,2022-07-16 14:47:43,clear sky
5,Mataura,-46.1927,168.8643,42.48,86,37,4.12,NZ,2022-07-16 14:49:23,scattered clouds
6,Puerto Ayora,-0.7393,-90.3518,70.56,93,89,8.01,EC,2022-07-16 14:49:23,overcast clouds
7,Hermanus,-34.4187,19.2345,74.8,52,16,3.0,ZA,2022-07-16 14:49:24,few clouds
8,Lagoa,39.05,-27.9833,70.3,88,0,9.73,PT,2022-07-16 14:49:24,clear sky
9,Tabas,33.5959,56.9244,100.56,5,0,13.04,IR,2022-07-16 14:49:24,clear sky
10,Tuktoyaktuk,69.4541,-133.0374,51.8,71,75,12.66,CA,2022-07-16 14:49:25,broken clouds
11,Comodoro Rivadavia,-45.8667,-67.5,35.46,69,0,3.44,AR,2022-07-16 14:48:13,clear sky
12,Butaritari,3.0707,172.7902,77.92,88,100,12.37,KI,2022-07-16 14:49:25,moderate rain
13,Ponta Do Sol,32.6667,-17.1,77.0,76,11,8.3,PT,2022-07-16 14:49:26,few clouds
14,Mahebourg,-20.4081,57.7,71.89,68,40,11.5,MU,2022-07-16 14:49:26,scattered clouds
15,Atuona,-9.8,-139.0333,76.82,76,8,12.91,PF,2022-07-16 14:49:26,light rain
16,Yellowknife,62.456,-114.3525,63.12,77,20,3.44,CA,2022-07-16 14:49:27,few clouds
17,Naregal,15.5833,75.8167,74.43,82,93,18.63,IN,2022-07-16 14:49:27,overcast clouds
18,Cherskiy,68.75,161.3,36.16,91,10,9.19,RU,2022-07-16 14:49:27,clear sky
19,Saint-Augustin,51.226,-58.6502,67.15,50,48,9.55,CA,2022-07-16 14:49:28,scattered clouds
20,Banda Aceh,5.5577,95.3222,80.44,82,84,11.61,ID,2022-07-16 14:49:28,broken clouds
21,Edgewater,28.9889,-80.9023,87.89,72,99,7.36,US,2022-07-16 14:49:28,overcast clouds
22,Chokurdakh,70.6333,147.9167,44.42,78,65,8.21,RU,2022-07-16 14:49:29,broken clouds
23,Valparaiso,-33.0393,-71.6273,50.23,82,0,6.91,CL,2022-07-16 14:48:59,clear sky
24,Rikitea,-23.1203,-134.9692,72.05,79,100,19.55,PF,2022-07-16 14:49:29,light rain
25,Lanzhou,36.0564,103.7922,69.39,43,100,2.19,CN,2022-07-16 14:49:29,overcast clouds
26,Port Lincoln,-34.7333,135.8667,56.28,84,18,15.52,AU,2022-07-16 14:45:15,few clouds
27,Qaanaaq,77.484,-69.3632,54.12,54,12,3.65,GL,2022-07-16 14:49:30,few clouds
28,Port Alfred,-33.5906,26.891,68.18,70,64,3.0,ZA,2022-07-16 14:49:30,broken clouds
29,Hilo,19.7297,-155.09,78.28,100,100,1.99,US,2022-07-16 14:49:30,moderate rain
30,Arlit,18.7369,7.3853,90.01,41,22,27.92,NE,2022-07-16 14:49:31,light rain
31,Haines Junction,60.7522,-137.5108,39.15,93,100,0.0,CA,2022-07-16 14:49:31,overcast clouds
32,Xichang,27.8964,102.2634,73.67,80,100,1.9,CN,2022-07-16 14:49:31,overcast clouds
33,Caravelas,-17.7125,-39.2481,79.57,54,98,7.25,BR,2022-07-16 14:49:32,overcast clouds
34,Albany,42.6001,-73.9662,79.43,65,100,1.99,US,2022-07-16 14:45:59,overcast clouds
35,Avarua,-21.2078,-159.775,71.65,83,40,12.66,CK,2022-07-16 14:49:32,scattered clouds
36,Norman Wells,65.282,-126.8329,55.44,76,20,12.66,CA,2022-07-16 14:49:32,few clouds
37,Coquimbo,-29.9533,-71.3436,49.73,66,0,13.8,CL,2022-07-16 14:49:33,clear sky
38,Luderitz,-26.6481,15.1594,73.76,35,0,5.37,NA,2022-07-16 14:49:33,clear sky
39,Bredasdorp,-34.5322,20.0403,70.05,50,29,2.35,ZA,2022-07-16 14:49:33,scattered clouds
40,Barrow,71.2906,-156.7887,33.82,93,100,0.0,US,2022-07-16 14:49:34,overcast clouds
41,Upernavik,72.7868,-56.1549,48.43,58,74,4.7,GL,2022-07-16 14:49:34,broken clouds
42,Cape Town,-33.9258,18.4232,81.01,44,0,10.36,ZA,2022-07-16 14:49:34,clear sky
43,Dikson,73.5069,80.5464,47.57,72,19,6.82,RU,2022-07-16 14:49:35,few clouds
44,Tchaourou,8.8865,2.5975,78.04,83,100,4.56,BJ,2022-07-16 14:49:35,light rain
45,Tshikapa,-6.4167,20.8,92.8,24,53,8.14,CD,2022-07-16 14:49:35,broken clouds
46,Am Timan,11.0297,20.2827,74.17,87,97,3.67,TD,2022-07-16 14:49:36,overcast clouds
47,Te Anau,-45.4167,167.7167,41.31,93,99,6.08,NZ,2022-07-16 14:49:36,overcast clouds
48,Bethel,41.3712,-73.414,76.77,78,100,0.0,US,2022-07-16 14:49:36,overcast clouds
49,Bluff,-46.6,168.3333,42.8,81,62,14.5,NZ,2022-07-16 14:49:37,broken clouds
50,Jamestown,42.097,-79.2353,73.94,56,75,4.61,US,2022-07-16 14:44:56,broken clouds
51,Surami,42.0243,43.5556,71.35,79,18,7.7,GE,2022-07-16 14:49:37,few clouds
52,Zhangjiakou,40.81,114.8794,76.23,35,2,6.24,CN,2022-07-16 14:49:37,clear sky
53,Lebu,-37.6167,-73.65,46.36,79,95,10.98,CL,2022-07-16 14:48:10,overcast clouds
54,Kismayo,-0.3582,42.5454,76.1,80,97,18.68,SO,2022-07-16 14:49:38,light rain
55,Vezirkopru,41.1436,35.4547,81.09,56,64,8.84,TR,2022-07-16 14:49:38,broken clouds
56,Karratha,-20.7377,116.8463,66.67,58,88,2.62,AU,2022-07-16 14:49:38,overcast clouds
57,Douglas,41.3,-96.167,78.51,88,100,1.01,US,2022-07-16 14:49:39,haze
58,Bambous Virieux,-20.3428,57.7575,71.85,68,40,11.5,MU,2022-07-16 14:49:39,scattered clouds
59,Korla,41.7597,86.1469,74.84,44,48,8.21,CN,2022-07-16 14:49:39,scattered clouds
60,Fuyu,45.1833,124.8167,65.44,94,3,7.25,CN,2022-07-16 14:49:40,clear sky
61,Winslow,35.0242,-110.6974,68.18,77,0,0.0,US,2022-07-16 14:49:40,clear sky
62,Vardo,70.3705,31.1107,51.78,93,100,27.63,NO,2022-07-16 14:49:40,overcast clouds
63,Vila Franca Do Campo,37.7167,-25.4333,70.21,70,0,10.27,PT,2022-07-16 14:49:41,clear sky
64,Cabo San Lucas,22.8909,-109.9124,80.62,66,60,6.69,MX,2022-07-16 14:49:41,broken clouds
65,Zhigansk,66.7697,123.3711,55.49,62,100,13.98,RU,2022-07-16 14:49:41,overcast clouds
66,Kilindoni,-7.9139,39.6668,76.15,69,100,18.81,TZ,2022-07-16 14:49:42,overcast clouds
67,Narsaq,60.9167,-46.05,46.62,90,100,4.14,GL,2022-07-16 14:49:42,overcast clouds
68,Saint-Philippe,-21.3585,55.7679,69.39,75,72,12.12,RE,2022-07-16 14:49:42,broken clouds
69,Constitucion,-35.3333,-72.4167,48.97,76,84,6.26,CL,2022-07-16 14:48:23,broken clouds
70,Maceio,-9.6658,-35.7353,80.04,78,75,8.05,BR,2022-07-16 14:49:43,broken clouds
71,Sobolevo,54.4299,31.8996,61.39,80,100,6.73,RU,2022-07-16 14:49:43,light rain
72,Genhe,50.7833,121.5167,60.73,97,100,3.13,CN,2022-07-16 14:49:44,overcast clouds
73,Minab,27.1467,57.0801,95.27,53,33,11.97,IR,2022-07-16 14:49:44,scattered clouds
74,Dunedin,-45.8742,170.5036,41.81,59,10,6.26,NZ,2022-07-16 14:49:44,clear sky
75,Ponta Delgada,37.7333,-25.6667,70.52,83,20,10.36,PT,2022-07-16 14:49:44,few clouds
76,Catuday,16.2923,119.8062,77.2,91,100,9.42,PH,2022-07-16 14:49:45,moderate rain
77,Edd,13.9297,41.6925,92.41,60,100,11.39,ER,2022-07-16 14:49:45,overcast clouds
78,Makokou,0.5738,12.8642,81.18,59,72,6.15,GA,2022-07-16 14:49:45,broken clouds
79,Pisco,-13.7,-76.2167,63.01,72,100,5.75,PE,2022-07-16 14:44:55,overcast clouds
80,Sao Bernardo,-3.3614,-42.4178,91.18,44,11,5.86,BR,2022-07-16 14:49:46,few clouds
81,Hobart,-42.8794,147.3294,51.26,72,100,14.97,AU,2022-07-16 14:45:03,overcast clouds
82,Gat,31.61,34.7642,86.4,14,0,11.43,IL,2022-07-16 14:49:01,clear sky
83,Newport,51.5877,-2.9984,83.77,48,70,1.28,GB,2022-07-16 14:49:46,broken clouds
84,Fortuna,40.5982,-124.1573,59.94,92,100,1.99,US,2022-07-16 14:49:47,overcast clouds
85,Mildura,-34.2,142.15,54.07,40,28,15.95,AU,2022-07-16 14:49:47,scattered clouds
86,Tasiilaq,65.6145,-37.6368,53.76,76,100,1.03,GL,2022-07-16 14:49:47,overcast clouds
87,Forio,40.7342,13.8646,88.09,78,0,4.0,IT,2022-07-16 14:49:48,clear sky
88,Jackson,42.4165,-122.8345,66.0,67,0,4.0,US,2022-07-16 14:47:36,clear sky
89,Arraial Do Cabo,-22.9661,-42.0278,80.56,61,0,11.5,BR,2022-07-16 14:49:48,clear sky
90,Kodiak,57.79,-152.4072,56.71,77,100,9.22,US,2022-07-16 14:49:48,overcast clouds
91,Los Llanos De Aridane,28.6585,-17.9182,72.12,83,20,13.8,ES,2022-07-16 14:49:49,few clouds
92,Tiznit,29.5833,-9.5,91.85,31,1,10.47,MA,2022-07-16 14:49:49,clear sky
93,Dingle,10.9995,122.6711,78.13,89,100,2.21,PH,2022-07-16 14:49:49,heavy intensity rain
94,Nevesinje,43.2586,18.1133,88.66,23,33,12.3,BA,2022-07-16 14:49:50,scattered clouds
95,Luwuk,-0.9516,122.7875,75.81,86,100,4.14,ID,2022-07-16 14:49:50,overcast clouds
96,Meulaboh,4.1363,96.1285,78.62,84,83,2.53,ID,2022-07-16 14:49:51,broken clouds
97,Antofagasta,-23.65,-70.4,54.68,45,0,9.08,CL,2022-07-16 14:49:51,clear sky
98,Srednekolymsk,67.45,153.6833,55.94,70,97,5.7,RU,2022-07-16 14:49:51,overcast clouds
99,Buala,-8.145,159.5921,79.23,83,97,10.42,SB,2022-07-16 14:49:52,light rain
100,Victoria,22.2855,114.1577,87.85,79,100,5.01,HK,2022-07-16 14:45:00,overcast clouds
101,Thompson,55.7435,-97.8558,71.76,53,0,2.3,CA,2022-07-16 14:45:16,smoke
102,Serenje,-13.2325,30.2352,64.24,38,83,7.54,ZM,2022-07-16 14:49:52,broken clouds
103,Torbay,47.6666,-52.7314,71.89,54,20,14.97,CA,2022-07-16 14:49:52,few clouds
104,Mackenzie,55.2999,-123.1698,53.82,94,100,4.61,CA,2022-07-16 14:49:53,overcast clouds
105,Hokitika,-42.7167,170.9667,44.02,76,100,4.16,NZ,2022-07-16 14:49:53,overcast clouds
106,Porto Nacional,-10.7081,-48.4172,89.6,24,7,5.14,BR,2022-07-16 14:49:54,clear sky
107,Merauke,-8.4667,140.3333,76.03,78,100,16.6,ID,2022-07-16 14:49:54,overcast clouds
108,Cidreira,-30.1811,-50.2056,64.96,95,100,1.88,BR,2022-07-16 14:49:54,overcast clouds
109,Carbondale,37.7273,-89.2168,86.05,74,40,0.0,US,2022-07-16 14:47:27,scattered clouds
110,Cockburn Town,21.4612,-71.1419,84.16,70,40,17.27,TC,2022-07-16 14:49:55,scattered clouds
111,Sao Joao Da Barra,-21.6403,-41.0511,80.69,64,33,14.45,BR,2022-07-16 14:49:55,scattered clouds
112,Zalantun,48.0,122.7167,65.89,93,59,4.0,CN,2022-07-16 14:49:55,broken clouds
113,Kamen-Rybolov,44.7481,132.0403,62.49,91,96,4.9,RU,2022-07-16 14:49:56,overcast clouds
114,Nanortalik,60.1432,-45.2371,41.65,88,100,2.89,GL,2022-07-16 14:49:56,overcast clouds
115,Gornopravdinsk,60.05,69.9,66.96,75,15,8.05,RU,2022-07-16 14:49:56,few clouds
116,Carnarvon,-24.8667,113.6333,68.56,52,72,8.68,AU,2022-07-16 14:49:57,broken clouds
117,Ribeira Grande,38.5167,-28.7,79.2,69,20,18.41,PT,2022-07-16 14:49:57,few clouds
118,Lompoc,34.6391,-120.4579,55.29,94,100,0.0,US,2022-07-16 14:49:57,fog
119,Fengcheng,40.4536,124.0717,67.32,90,52,3.33,CN,2022-07-16 14:49:58,broken clouds
120,Palmer,42.1584,-72.3287,80.51,61,100,3.44,US,2022-07-16 14:49:58,overcast clouds
121,Mar Del Plata,-38.0023,-57.5575,48.09,83,100,13.8,AR,2022-07-16 14:45:05,drizzle
122,Santiago Del Estero,-27.7951,-64.2615,54.73,39,55,22.1,AR,2022-07-16 14:48:17,broken clouds
123,Vaini,-21.2,-175.2,71.76,100,0,3.44,TO,2022-07-16 14:49:59,clear sky
124,Dinguiraye,11.3,-10.7167,84.74,61,99,4.0,GN,2022-07-16 14:49:59,light rain
125,Clyde,41.3042,-82.9752,74.64,84,87,6.06,US,2022-07-16 14:49:59,overcast clouds
126,Parabel,58.6978,81.4825,56.19,90,99,3.09,RU,2022-07-16 14:50:00,light rain
127,Batemans Bay,-35.7167,150.1833,49.1,48,0,12.33,AU,2022-07-16 14:50:00,clear sky
128,Bambanglipuro,-7.95,110.2833,76.62,88,74,7.72,ID,2022-07-16 14:50:00,broken clouds
129,Hithadhoo,-0.6,73.0833,83.46,76,33,14.56,MV,2022-07-16 14:50:01,scattered clouds
130,Vostok,46.4856,135.8833,57.02,97,100,3.29,RU,2022-07-16 14:50:01,light rain
131,Poum,-20.2333,164.0167,69.96,60,1,14.2,NC,2022-07-16 14:50:01,clear sky
132,Aksu,41.1231,80.2644,84.22,26,0,6.11,CN,2022-07-16 14:50:02,clear sky
133,Monrovia,6.3005,-10.7969,82.17,80,73,10.51,LR,2022-07-16 14:50:02,light rain
134,Kristiansund,63.1115,7.732,53.65,76,75,18.41,NO,2022-07-16 14:50:03,broken clouds
135,Armidale,-30.5167,151.65,37.27,78,100,5.64,AU,2022-07-16 14:50:03,overcast clouds
136,Lorengau,-2.0226,147.2712,81.46,80,5,10.04,PG,2022-07-16 14:50:03,clear sky
137,Saskylakh,71.9167,114.0833,55.78,63,35,10.51,RU,2022-07-16 14:50:05,scattered clouds
138,Ancud,-41.8697,-73.8203,43.23,76,100,13.96,CL,2022-07-16 14:50:05,overcast clouds
139,Cairo,30.0626,31.2497,90.36,37,0,11.5,EG,2022-07-16 14:50:06,clear sky
140,Paamiut,61.994,-49.6678,40.37,86,100,8.5,GL,2022-07-16 14:50:07,overcast clouds
141,Ushuaia,-54.8,-68.3,38.86,60,40,5.75,AR,2022-07-16 14:49:33,scattered clouds
142,Along,28.1667,94.7667,78.57,96,84,0.25,IN,2022-07-16 14:50:07,broken clouds
143,Faanui,-16.4833,-151.75,77.36,69,22,25.05,PF,2022-07-16 14:50:07,few clouds
144,Kapaa,22.0752,-159.319,79.12,85,100,13.8,US,2022-07-16 14:50:08,overcast clouds
145,Vanimo,-2.6741,141.3028,78.73,88,86,7.23,PG,2022-07-16 14:50:08,overcast clouds
146,Komsomolskiy,40.4272,71.7189,95.72,16,0,4.61,UZ,2022-07-16 14:50:09,clear sky
147,Dzhebariki-Khaya,62.2167,135.8,71.22,77,67,1.34,RU,2022-07-16 14:50:09,broken clouds
148,Halden,59.1226,11.3871,70.63,47,33,11.1,NO,2022-07-16 14:50:09,scattered clouds
149,Lewistown,40.5992,-77.5714,76.15,100,100,2.68,US,2022-07-16 14:50:10,overcast clouds
150,Iskateley,67.6803,53.1512,70.36,84,91,5.28,RU,2022-07-16 14:50:10,moderate rain
151,Nikolskoye,59.7035,30.7861,64.87,61,50,8.9,RU,2022-07-16 14:50:11,scattered clouds
152,Batagay-Alyta,67.8006,130.4114,48.92,82,85,4.38,RU,2022-07-16 14:50:11,light rain
153,San Fernando,15.0286,120.6898,76.73,94,100,6.78,PH,2022-07-16 14:50:11,moderate rain
154,Koungou,-12.7336,45.2042,76.71,69,0,12.66,YT,2022-07-16 14:50:12,clear sky
155,Ndele,8.4109,20.6473,75.15,89,95,3.13,CF,2022-07-16 14:50:12,overcast clouds
156,New Norfolk,-42.7826,147.0587,50.92,76,99,8.48,AU,2022-07-16 14:50:13,overcast clouds
157,Pevek,69.7008,170.3133,33.22,93,100,9.44,RU,2022-07-16 14:50:13,overcast clouds
158,Lichinga,-13.3128,35.2406,62.69,55,75,10.36,MZ,2022-07-16 14:50:13,broken clouds
159,Chuy,-33.6971,-53.4616,51.13,96,100,13.42,UY,2022-07-16 14:50:14,light rain
160,East London,-33.0153,27.9116,72.54,68,0,4.61,ZA,2022-07-16 14:46:06,clear sky
161,Gravdal,68.1214,13.5031,52.02,80,83,10.83,NO,2022-07-16 14:50:14,broken clouds
162,Oistins,13.0667,-59.5333,76.51,77,60,22.21,BB,2022-07-16 14:50:15,broken clouds
163,Energeticheskiy,43.4278,77.0222,84.76,24,20,6.71,KZ,2022-07-16 14:50:15,few clouds
164,Bonavista,48.6499,-53.1147,59.95,74,73,1.7,CA,2022-07-16 14:50:16,broken clouds
165,Capreol,46.706,-80.9225,71.55,56,20,3.44,CA,2022-07-16 14:50:16,few clouds
166,Kaitangata,-46.2817,169.8464,38.17,73,11,8.21,NZ,2022-07-16 14:50:16,few clouds
167,Abu Dhabi,24.4667,54.3667,105.91,41,100,8.05,AE,2022-07-16 14:50:17,overcast clouds
168,Ahipara,-35.1667,173.1667,50.74,75,21,10.0,NZ,2022-07-16 14:50:17,few clouds
169,Khatanga,71.9667,102.5,61.0,55,91,6.82,RU,2022-07-16 14:50:18,overcast clouds
170,Yumen,40.2833,97.2,77.47,25,100,6.69,CN,2022-07-16 14:50:18,overcast clouds
171,Beruwala,6.4788,79.9828,79.45,85,99,3.53,LK,2022-07-16 14:50:19,overcast clouds
172,Clyde River,70.4692,-68.5914,50.23,62,20,19.57,CA,2022-07-16 14:50:19,few clouds
173,Port Blair,11.6667,92.75,78.84,94,100,2.3,IN,2022-07-16 14:50:20,drizzle
174,Buraydah,26.326,43.975,106.25,6,28,12.71,SA,2022-07-16 14:50:20,scattered clouds
175,Trairi,-3.2778,-39.2689,88.12,48,26,12.68,BR,2022-07-16 14:48:14,scattered clouds
176,Ilulissat,69.2167,-51.1,38.97,84,54,5.82,GL,2022-07-16 14:50:21,broken clouds
177,Takoradi,4.8845,-1.7554,77.88,79,100,13.0,GH,2022-07-16 14:50:21,overcast clouds
178,Jingdezhen,29.2947,117.2079,83.5,77,100,2.3,CN,2022-07-16 14:50:21,moderate rain
179,Vammala,61.3333,22.9,61.29,85,83,8.99,FI,2022-07-16 14:50:22,broken clouds
180,Aklavik,68.2191,-135.0107,53.6,71,75,6.91,CA,2022-07-16 14:50:22,broken clouds
181,Marystown,47.1666,-55.1483,65.86,100,3,8.01,CA,2022-07-16 14:50:22,clear sky
182,Acapulco,16.8634,-99.8901,82.11,72,92,4.9,MX,2022-07-16 14:49:06,overcast clouds
183,Chicama,-7.8447,-79.1469,57.74,71,51,7.09,PE,2022-07-16 14:50:23,broken clouds
184,Kibre Mengist,5.8833,38.9833,61.68,86,100,3.27,ET,2022-07-16 14:50:24,overcast clouds
185,Lienz,46.8289,12.769,80.19,73,70,3.44,AT,2022-07-16 14:50:24,broken clouds
186,Aguimes,27.9054,-15.4461,75.67,69,20,29.93,ES,2022-07-16 14:50:24,few clouds
187,Nandyal,15.4833,78.4833,83.08,67,95,14.47,IN,2022-07-16 14:50:25,light rain
188,Yamada,39.4667,141.95,71.28,96,100,3.65,JP,2022-07-16 14:50:25,overcast clouds
189,Inta,66.0317,60.1659,73.35,52,100,16.44,RU,2022-07-16 14:50:26,overcast clouds
190,Barra Da Estiva,-13.6261,-41.3269,68.4,68,85,8.08,BR,2022-07-16 14:50:26,overcast clouds
191,Normandin,48.8333,-72.5321,71.73,56,97,9.22,CA,2022-07-16 14:50:26,overcast clouds
192,San Cristobal,7.7669,-72.225,75.38,42,63,7.05,VE,2022-07-16 14:50:27,broken clouds
193,Yatou,37.15,122.3833,74.73,72,88,2.89,CN,2022-07-16 14:50:27,overcast clouds
194,Cairns,-16.9167,145.7667,67.95,83,75,11.5,AU,2022-07-16 14:49:17,broken clouds
195,Talara,-4.5772,-81.2719,65.16,82,0,24.16,PE,2022-07-16 14:50:28,clear sky
196,Riviere-Au-Renard,48.9957,-64.3971,73.69,68,85,6.46,CA,2022-07-16 14:50:28,overcast clouds
197,Beringovskiy,63.05,179.3167,49.46,78,77,7.25,RU,2022-07-16 14:50:28,broken clouds
198,Filadelfia,39.9523,-75.1638,84.04,73,75,6.91,US,2022-07-16 14:50:29,broken clouds
199,Devonport,-41.1667,146.35,49.08,91,100,23.09,AU,2022-07-16 14:50:29,light rain
200,El Sauzal,31.9,-116.6833,71.33,68,19,2.91,MX,2022-07-16 14:50:30,few clouds
201,Sao Gabriel Da Cachoeira,-0.1303,-67.0892,84.0,79,20,1.14,BR,2022-07-16 14:50:30,few clouds
202,Salalah,17.0151,54.0924,77.86,94,100,6.85,OM,2022-07-16 14:50:30,overcast clouds
203,Hasaki,35.7333,140.8333,72.28,97,100,15.99,JP,2022-07-16 14:50:31,light rain
204,Illapel,-31.6308,-71.1653,47.52,60,5,1.86,CL,2022-07-16 14:48:11,clear sky
205,Atar,20.5169,-13.0499,114.42,6,4,11.41,MR,2022-07-16 14:50:31,clear sky
206,Picos,-7.0769,-41.4669,92.03,29,28,9.4,BR,2022-07-16 14:46:29,scattered clouds
207,Kidal,18.4411,1.4078,104.22,17,78,6.31,ML,2022-07-16 14:50:31,broken clouds
208,Gavrilov Posad,56.5597,40.1175,65.39,66,100,4.14,RU,2022-07-16 14:50:32,overcast clouds
209,Rocha,-34.4833,-54.3333,49.89,93,100,12.66,UY,2022-07-16 14:50:32,light rain
210,Kazachinskoye,57.6953,93.2761,53.42,87,81,1.32,RU,2022-07-16 14:50:32,broken clouds
211,Coffs Harbour,-30.3,153.1333,55.36,71,27,5.75,AU,2022-07-16 14:50:33,scattered clouds
212,Santa Rosa,14.3122,121.1114,77.02,91,100,1.86,PH,2022-07-16 14:50:33,overcast clouds
213,Ashland,40.8167,-82.2665,73.87,88,95,6.8,US,2022-07-16 14:50:33,overcast clouds
214,Krutinka,56.0055,71.5113,63.97,85,100,8.7,RU,2022-07-16 14:50:34,overcast clouds
215,Umba,66.6871,34.3429,58.95,78,60,7.02,RU,2022-07-16 14:50:34,broken clouds
216,Yavaros,26.7,-109.5167,85.01,61,15,10.4,MX,2022-07-16 14:50:34,few clouds
217,Georgetown,5.4112,100.3354,84.88,82,20,2.3,MY,2022-07-16 14:47:24,few clouds
218,Guerrero Negro,27.9769,-114.0611,69.35,75,11,12.03,MX,2022-07-16 14:50:35,few clouds
219,Castro,-24.7911,-50.0119,74.05,48,64,14.76,BR,2022-07-16 14:50:35,broken clouds
220,Nemcice Nad Hanou,49.3418,17.206,80.28,31,68,15.1,CZ,2022-07-16 14:50:35,broken clouds
221,Nabire,-3.3667,135.4833,76.71,91,100,1.97,ID,2022-07-16 14:50:36,overcast clouds
222,Talcahuano,-36.7167,-73.1167,37.08,100,75,4.61,CL,2022-07-16 14:50:36,broken clouds
223,Pierre,44.3683,-100.351,74.28,86,100,10.36,US,2022-07-16 14:50:36,overcast clouds
224,Brae,60.3964,-1.353,52.16,94,100,15.37,GB,2022-07-16 14:50:37,light rain
225,Berdigestyakh,62.0989,126.6992,69.21,82,89,4.99,RU,2022-07-16 14:50:37,light rain
226,Bourail,-21.5667,165.4833,60.87,72,0,6.04,NC,2022-07-16 14:50:37,clear sky
227,San Pedro De Macoris,18.4616,-69.2972,86.61,57,6,11.25,DO,2022-07-16 14:50:38,clear sky
228,Port Hardy,50.6996,-127.4199,53.78,100,75,3.44,CA,2022-07-16 14:50:38,mist
229,Akaltara,22.0167,82.4333,86.47,67,100,5.91,IN,2022-07-16 14:50:38,moderate rain
230,Huntington,38.4193,-82.4452,78.31,84,75,3.44,US,2022-07-16 14:50:39,broken clouds
231,Mehamn,71.0357,27.8492,51.75,93,100,12.66,NO,2022-07-16 14:50:39,light rain
232,Olafsvik,64.8945,-23.7142,51.64,87,97,4.03,IS,2022-07-16 14:50:39,overcast clouds
233,Huilong,31.8111,121.655,81.93,87,100,7.52,CN,2022-07-16 14:50:39,overcast clouds
234,Chapais,49.7834,-74.8492,60.58,48,80,12.35,CA,2022-07-16 14:50:40,broken clouds
235,Puerto Cabezas,14.0351,-83.3888,85.96,79,75,4.61,NI,2022-07-16 14:50:40,broken clouds
236,Balkhash,46.844,74.9804,81.03,36,59,16.46,KZ,2022-07-16 14:50:40,broken clouds
237,Pangai,-19.8,-174.35,78.42,74,17,15.28,TO,2022-07-16 14:50:41,few clouds
238,Hamilton,39.1834,-84.5333,82.11,68,75,9.22,US,2022-07-16 14:50:05,broken clouds
239,Vila Velha,-20.3297,-40.2925,80.55,63,20,12.66,BR,2022-07-16 14:47:44,few clouds
240,Upington,-28.4478,21.2561,79.18,18,0,11.5,ZA,2022-07-16 14:50:41,clear sky
241,Berlevag,70.8578,29.0864,51.8,100,100,18.41,NO,2022-07-16 14:50:42,light intensity drizzle rain
242,Saint Anthony,45.0205,-93.218,81.79,76,0,5.75,US,2022-07-16 14:50:42,clear sky
243,Grindavik,63.8424,-22.4338,55.35,82,75,17.27,IS,2022-07-16 14:50:42,broken clouds
244,Coihaique,-45.5752,-72.0662,30.81,86,100,3.44,CL,2022-07-16 14:45:54,overcast clouds
245,Shumerlya,55.5005,46.4129,71.24,81,56,3.33,RU,2022-07-16 14:50:43,light rain
246,Geraldton,-28.7667,114.6,50.41,93,40,3.44,AU,2022-07-16 14:50:43,scattered clouds
247,Laguna,38.421,-121.4238,84.09,70,0,4.61,US,2022-07-16 14:50:43,clear sky
248,Parlakimidi,18.7667,84.0833,80.22,89,99,4.85,IN,2022-07-16 14:50:43,overcast clouds
249,Airai,-8.9266,125.4092,53.83,86,47,3.02,TL,2022-07-16 14:50:44,scattered clouds
250,Zhezkazgan,47.8043,67.7144,96.78,17,0,20.13,KZ,2022-07-16 14:50:44,clear sky
251,Charters Towers,-20.1,146.2667,55.24,89,0,8.52,AU,2022-07-16 14:50:44,clear sky
252,Montague,42.5356,-72.5351,79.47,70,100,4.83,US,2022-07-16 14:50:45,overcast clouds
253,Rognedino,53.8015,33.5576,64.27,70,96,4.54,RU,2022-07-16 14:50:45,light rain
254,Staryy Nadym,65.6118,72.6842,69.39,45,45,8.39,RU,2022-07-16 14:50:45,scattered clouds
255,Bengkulu,-3.8004,102.2655,78.15,85,100,2.93,ID,2022-07-16 14:50:46,overcast clouds
256,Tiksi,71.6872,128.8694,45.23,82,99,5.79,RU,2022-07-16 14:50:46,overcast clouds
257,San Patricio,28.017,-97.5169,87.69,61,29,10.56,US,2022-07-16 14:50:46,scattered clouds
258,Ostrovnoy,68.0531,39.5131,65.84,77,99,5.14,RU,2022-07-16 14:50:47,light rain
259,Kuryk,43.2,51.65,93.56,27,0,9.1,KZ,2022-07-16 14:50:47,clear sky
260,Monroe,43.1501,-77.6831,80.58,60,20,1.99,US,2022-07-16 14:49:27,few clouds
261,Gweru,-19.45,29.8167,57.7,48,20,13.11,ZW,2022-07-16 14:50:48,few clouds
262,Goderich,43.7501,-81.7165,74.91,53,25,3.44,CA,2022-07-16 14:50:48,scattered clouds
263,Gualaco,15.05,-86.05,84.04,66,100,2.17,HN,2022-07-16 14:50:48,overcast clouds
264,San Antonio,29.4241,-98.4936,84.51,77,75,8.05,US,2022-07-16 14:47:56,broken clouds
265,Kosterevo,55.9299,39.6144,65.48,64,100,4.12,RU,2022-07-16 14:50:49,overcast clouds
266,Gizo,-8.103,156.8419,80.82,77,32,6.13,SB,2022-07-16 14:50:49,scattered clouds
267,Mount Gambier,-37.8333,140.7667,53.51,94,75,14.97,AU,2022-07-16 14:48:52,light rain
268,Rabo De Peixe,37.8,-25.5833,69.31,83,20,10.36,PT,2022-07-16 14:50:50,few clouds
269,Lashio,22.9333,97.75,72.43,95,49,1.9,MM,2022-07-16 14:50:50,scattered clouds
270,Inuvik,68.3499,-133.7218,56.16,58,75,6.91,CA,2022-07-16 14:50:50,broken clouds
271,Lukaya,-0.1489,31.8748,76.44,49,83,10.22,UG,2022-07-16 14:50:51,broken clouds
272,Ler,8.3018,30.1418,86.25,52,90,2.93,SS,2022-07-16 14:50:51,overcast clouds
273,Coahuayana,18.7333,-103.6833,83.79,63,96,2.93,MX,2022-07-16 14:50:51,overcast clouds
274,Kavieng,-2.5744,150.7967,81.07,80,5,11.25,PG,2022-07-16 14:50:51,light rain
275,Uige,-7.6087,15.0613,91.54,17,5,3.69,AO,2022-07-16 14:50:52,clear sky
276,Oksfjord,70.2396,22.3479,51.98,95,100,7.0,NO,2022-07-16 14:50:52,light rain
277,Mikuni,36.2171,136.1519,76.91,94,99,4.68,JP,2022-07-16 14:50:52,overcast clouds
278,Codrington,-38.2667,141.9667,54.16,82,100,18.77,AU,2022-07-16 14:50:53,light rain
279,Mpika,-11.8343,31.4529,64.0,41,66,8.48,ZM,2022-07-16 14:50:53,broken clouds
280,Aswan,24.0934,32.907,101.5,14,0,8.05,EG,2022-07-16 14:50:53,clear sky
281,Kembe,4.6228,21.8865,78.24,85,58,3.29,CF,2022-07-16 14:50:54,light rain
282,Souillac,-20.5167,57.5167,71.98,68,40,11.5,MU,2022-07-16 14:50:54,scattered clouds
283,Lexington,37.9887,-84.4777,79.56,63,20,9.22,US,2022-07-16 14:48:55,few clouds
284,Longyearbyen,78.2186,15.6401,58.84,63,20,20.71,SJ,2022-07-16 14:50:54,few clouds
285,Lasa,46.6166,10.7002,87.69,36,57,2.68,IT,2022-07-16 14:50:55,broken clouds
286,Mandurah,-32.55,115.7,54.91,70,90,7.58,AU,2022-07-16 14:48:56,overcast clouds
287,Rudbar,30.15,62.6,101.95,9,3,2.93,AF,2022-07-16 14:50:55,clear sky
288,Khandyga,62.6667,135.6,69.19,87,79,1.25,RU,2022-07-16 14:50:55,broken clouds
289,Bathsheba,13.2167,-59.5167,77.05,98,56,21.83,BB,2022-07-16 14:50:56,broken clouds
290,Suntar,62.1444,117.6319,63.19,74,100,6.4,RU,2022-07-16 14:50:56,overcast clouds
291,Kahului,20.8947,-156.47,77.85,84,0,19.57,US,2022-07-16 14:50:30,clear sky
292,Hami,42.8,93.45,89.08,13,100,10.8,CN,2022-07-16 14:50:56,overcast clouds
293,Sidhi,24.4167,81.8833,93.7,44,52,5.68,IN,2022-07-16 14:50:57,broken clouds
294,Chauk,20.8833,94.8167,86.68,64,78,13.85,MM,2022-07-16 14:50:57,broken clouds
295,Fort Nelson,58.8053,-122.7002,56.79,94,75,5.75,CA,2022-07-16 14:47:20,thunderstorm with light rain
296,Alekseyevsk,57.8406,108.3492,55.71,97,100,1.59,RU,2022-07-16 14:50:58,light rain
297,Maralal,1.0968,36.698,67.19,57,99,5.79,KE,2022-07-16 14:50:58,overcast clouds
298,Tuatapere,-46.1333,167.6833,41.99,91,92,6.53,NZ,2022-07-16 14:50:58,light rain
299,Savannah Bight,16.45,-85.85,81.5,76,100,13.42,HN,2022-07-16 14:50:59,overcast clouds
300,Atasu,48.6814,71.6433,88.41,21,32,7.99,KZ,2022-07-16 14:50:59,scattered clouds
301,Cap Malheureux,-19.9842,57.6142,70.47,70,13,3.0,MU,2022-07-16 14:50:59,few clouds
302,Concarneau,47.875,-3.9225,91.81,35,98,7.18,FR,2022-07-16 14:51:00,overcast clouds
303,Kobayashi,31.9833,130.9833,75.78,98,100,4.05,JP,2022-07-16 14:51:00,overcast clouds
304,Isla Mujeres,21.2311,-86.731,84.16,66,15,7.96,MX,2022-07-16 14:51:00,few clouds
305,Pacific Grove,36.6177,-121.9166,58.42,88,100,5.75,US,2022-07-16 14:51:01,mist
306,Hambantota,6.1241,81.1185,82.74,83,20,11.5,LK,2022-07-16 14:51:01,few clouds
307,Bandarbeyla,9.4942,50.8122,81.41,65,98,31.27,SO,2022-07-16 14:51:01,overcast clouds
308,Vila,42.0304,-8.1588,74.28,20,93,5.39,PT,2022-07-16 14:51:02,overcast clouds
309,Kirakira,-10.4544,161.9205,78.76,81,43,12.35,SB,2022-07-16 14:51:02,scattered clouds
310,Port Hawkesbury,45.6169,-61.3485,78.91,60,0,12.66,CA,2022-07-16 14:51:03,clear sky
311,Deputatskiy,69.3,139.9,46.87,77,100,2.64,RU,2022-07-16 14:51:03,overcast clouds
312,Kahta,37.7855,38.6237,99.77,14,0,1.32,TR,2022-07-16 14:51:04,clear sky
313,Nome,64.5011,-165.4064,42.87,81,0,4.61,US,2022-07-16 14:51:04,clear sky
314,Rieti,42.4072,12.8592,95.13,28,3,5.75,IT,2022-07-16 14:51:04,clear sky
315,Predivinsk,57.0669,93.4378,54.43,84,79,2.82,RU,2022-07-16 14:51:05,broken clouds
316,Moyobamba,-6.05,-76.9667,73.74,80,81,1.83,PE,2022-07-16 14:51:05,broken clouds
317,Garissa,-0.4536,39.6401,85.1,42,71,25.52,KE,2022-07-16 14:51:06,broken clouds
318,Plettenberg Bay,-34.0527,23.3716,69.75,43,0,3.74,ZA,2022-07-16 14:51:06,clear sky
319,Iqaluit,63.7506,-68.5145,58.73,62,75,18.41,CA,2022-07-16 14:51:07,broken clouds
320,Seoul,37.5683,126.9778,74.77,91,0,8.05,KR,2022-07-16 14:50:24,clear sky
321,Roma,43.2128,-75.4557,77.68,70,100,4.56,US,2022-07-16 14:51:07,overcast clouds
322,Necochea,-38.5473,-58.7368,47.62,74,100,22.95,AR,2022-07-16 14:51:07,overcast clouds
323,Chifeng,42.2683,118.9636,70.47,79,93,3.13,CN,2022-07-16 14:51:08,overcast clouds
324,Belmonte,-15.8631,-38.8828,78.57,58,4,5.64,BR,2022-07-16 14:51:08,clear sky
325,Yaan,7.3833,8.5667,82.02,69,94,9.75,NG,2022-07-16 14:51:09,light rain
326,Inirida,3.8653,-67.9239,86.61,60,51,2.53,CO,2022-07-16 14:51:09,broken clouds
327,Muravlenko,63.7898,74.523,65.57,46,7,7.31,RU,2022-07-16 14:51:09,clear sky
328,Havoysund,70.9963,24.6622,53.83,92,100,9.91,NO,2022-07-16 14:51:10,light rain
329,North Bend,43.4065,-124.2243,61.92,99,100,4.61,US,2022-07-16 14:51:10,mist
330,Maebaru,33.55,130.2,76.77,79,85,5.75,JP,2022-07-16 14:51:11,overcast clouds
331,Caconda,-13.7333,15.0667,76.33,19,0,4.83,AO,2022-07-16 14:51:11,clear sky
332,Nioro,13.35,-15.75,90.9,55,85,8.23,GM,2022-07-16 14:51:11,light rain
333,Yelan,50.949,43.7378,78.13,55,98,8.63,RU,2022-07-16 14:51:12,overcast clouds
334,Altay,47.8667,88.1167,66.96,48,10,5.77,CN,2022-07-16 14:51:12,clear sky
335,Port Elizabeth,-33.918,25.5701,80.89,29,0,8.05,ZA,2022-07-16 14:51:13,clear sky
336,Sola,-13.8833,167.55,80.37,74,47,27.4,VU,2022-07-16 14:51:13,scattered clouds
337,Victor Harbor,-35.5667,138.6167,55.0,91,71,1.99,AU,2022-07-16 14:51:14,broken clouds
338,Brits,-25.6347,27.7802,72.52,26,0,3.33,ZA,2022-07-16 14:51:14,clear sky
339,Xuddur,4.1213,43.8894,78.87,55,99,20.83,SO,2022-07-16 14:51:15,overcast clouds
340,Kalmunai,7.4167,81.8167,83.41,74,100,3.91,LK,2022-07-16 14:51:15,overcast clouds
341,Tautira,-17.7333,-149.15,74.95,68,72,26.26,PF,2022-07-16 14:51:15,light rain
342,Margate,51.3813,1.3862,76.1,62,36,11.61,GB,2022-07-16 14:51:16,scattered clouds
343,Provideniya,64.3833,-173.3,48.24,64,100,4.76,RU,2022-07-16 14:51:16,overcast clouds
344,Saint-Joseph,-21.3667,55.6167,68.38,75,49,13.42,RE,2022-07-16 14:51:17,scattered clouds
345,Lakes Entrance,-37.8811,147.981,55.17,48,100,15.19,AU,2022-07-16 14:51:17,overcast clouds
346,Vestmannaeyjar,63.4427,-20.2734,50.99,93,100,13.8,IS,2022-07-16 14:51:17,drizzle
347,Moose Factory,51.2585,-80.6094,73.4,64,0,9.22,CA,2022-07-16 14:51:18,clear sky
348,Kilinochchi,9.3961,80.3982,81.1,73,100,14.34,LK,2022-07-16 14:51:18,overcast clouds
349,Ginir,7.1333,40.7,65.12,61,74,15.37,ET,2022-07-16 14:51:18,broken clouds
350,Den Helder,52.9599,4.7593,68.02,58,75,11.99,NL,2022-07-16 14:47:28,broken clouds
351,Tsiroanomandidy,-18.7667,46.0333,72.14,43,43,10.47,MG,2022-07-16 14:51:19,scattered clouds
352,Brindisi,40.5833,17.6667,91.78,28,0,6.69,IT,2022-07-16 14:51:19,clear sky
353,Tigre,-34.426,-58.5796,51.22,78,100,13.8,AR,2022-07-16 14:51:20,moderate rain
354,Portland,45.5234,-122.6762,64.81,85,100,6.91,US,2022-07-16 14:46:33,overcast clouds
355,Porto Santo,33.072,-16.3415,73.78,68,75,11.5,PT,2022-07-16 14:51:20,broken clouds
356,Xam Nua,20.4197,104.0439,72.18,86,16,2.84,LA,2022-07-16 14:51:21,few clouds
357,Kyabram,-36.3167,145.05,50.88,48,100,15.37,AU,2022-07-16 14:51:21,overcast clouds
358,Ondangwa,-17.9167,15.95,89.6,11,0,9.22,NA,2022-07-16 14:51:22,clear sky
359,Port Keats,-14.25,129.55,63.97,29,36,7.67,AU,2022-07-16 14:51:22,scattered clouds
360,Adrar,20.5022,-10.0711,110.79,6,33,20.31,MR,2022-07-16 14:51:23,scattered clouds
361,Bay Roberts,47.5999,-53.2648,72.66,58,7,5.99,CA,2022-07-16 14:51:23,clear sky
362,Morant Bay,17.8815,-76.4093,89.71,66,10,11.27,JM,2022-07-16 14:51:23,clear sky
363,Kupang,-10.1667,123.5833,73.58,72,20,12.62,ID,2022-07-16 14:51:24,few clouds
364,Sur,22.5667,59.5289,85.86,69,100,13.91,OM,2022-07-16 14:51:24,overcast clouds
365,Buin,-33.7333,-70.75,48.74,64,21,1.52,CL,2022-07-16 14:51:25,few clouds
366,Hobyo,5.3505,48.5268,79.25,66,99,32.1,SO,2022-07-16 14:51:25,overcast clouds
367,Dudinka,69.4058,86.1778,72.63,53,2,10.67,RU,2022-07-16 14:51:25,clear sky
368,Menongue,-14.6585,17.691,78.57,18,0,7.09,AO,2022-07-16 14:51:26,clear sky
369,Dauriya,49.9333,116.8667,63.72,92,100,3.44,RU,2022-07-16 14:51:26,overcast clouds
370,Alofi,-19.0595,-169.9187,75.09,73,69,5.75,NU,2022-07-16 14:48:53,broken clouds
371,Conde,-7.2597,-34.9075,78.26,94,75,13.8,BR,2022-07-16 14:51:26,broken clouds
372,Buta,2.7858,24.73,80.87,74,85,2.15,CD,2022-07-16 14:51:27,overcast clouds
373,Husavik,66.0449,-17.3389,54.19,74,98,2.93,IS,2022-07-16 14:51:27,overcast clouds
374,Sterling,39.0062,-77.4286,83.16,76,75,6.91,US,2022-07-16 14:47:12,broken clouds
375,Verkhoyansk,67.5447,133.385,52.41,78,50,4.81,RU,2022-07-16 14:51:27,scattered clouds
376,Kamyaran,34.7956,46.9355,96.73,8,0,0.83,IR,2022-07-16 14:51:28,clear sky
377,Invermere,50.5167,-116.0354,71.29,44,1,4.85,CA,2022-07-16 14:51:28,clear sky
378,Zverinogolovskoye,54.4586,64.8542,67.82,83,99,11.07,RU,2022-07-16 14:51:28,overcast clouds
379,Agadez,19.75,10.25,96.08,29,76,15.03,NE,2022-07-16 14:51:29,broken clouds
380,Merritt Island,28.5392,-80.672,86.07,94,20,6.91,US,2022-07-16 14:50:02,few clouds
381,Padang,-0.9492,100.3543,78.51,86,68,3.18,ID,2022-07-16 14:51:29,broken clouds
382,Piacabucu,-10.4056,-36.4344,78.75,66,98,10.49,BR,2022-07-16 14:51:30,overcast clouds
383,Takab,36.4009,47.1133,87.6,11,0,8.41,IR,2022-07-16 14:51:30,clear sky
384,Nador,35.174,-2.9287,89.67,65,0,5.75,MA,2022-07-16 14:51:30,clear sky
385,Gotsu,35.0,132.2167,72.46,88,0,5.37,JP,2022-07-16 14:51:30,clear sky
386,Port Hedland,-20.3167,118.5667,57.25,58,70,6.91,AU,2022-07-16 14:51:31,broken clouds
387,Kruisfontein,-34.0033,24.7314,71.08,27,0,6.13,ZA,2022-07-16 14:51:31,clear sky
388,Elat,29.5581,34.9482,102.04,24,0,12.66,IL,2022-07-16 14:51:31,clear sky
389,Ipixuna,-1.7625,-48.8043,90.82,49,84,2.26,BR,2022-07-16 14:51:32,broken clouds
390,Leningradskiy,69.3833,178.4167,35.49,85,100,11.27,RU,2022-07-16 14:51:32,light rain
391,Okhotsk,59.3833,143.3,54.09,94,45,3.18,RU,2022-07-16 14:51:32,scattered clouds
392,Sinnamary,5.3833,-52.95,84.4,68,14,5.23,GF,2022-07-16 14:51:33,few clouds
393,Floro,61.5996,5.0328,60.22,76,100,10.36,NO,2022-07-16 14:51:33,overcast clouds
394,San Luis,-33.295,-66.3356,35.17,89,100,7.38,AR,2022-07-16 14:48:00,light snow
395,Kulhudhuffushi,6.6221,73.07,81.43,82,60,9.35,MV,2022-07-16 14:51:33,broken clouds
396,Qiongshan,20.0058,110.3542,82.38,94,20,2.24,CN,2022-07-16 14:51:34,few clouds
397,Mecca,21.4267,39.8261,97.5,19,62,16.08,SA,2022-07-16 14:48:20,broken clouds
398,Sitka,57.0531,-135.33,55.29,88,100,0.0,US,2022-07-16 14:51:34,overcast clouds
399,Pathein,16.7833,94.7333,78.98,91,99,5.41,MM,2022-07-16 14:51:35,overcast clouds
400,Oyama,36.3,139.8,77.59,92,100,6.13,JP,2022-07-16 14:51:35,moderate rain
401,Auburn,47.3073,-122.2284,64.98,84,75,6.91,US,2022-07-16 14:51:35,broken clouds
402,Yegorlykskaya,46.5656,40.6562,73.76,54,92,11.56,RU,2022-07-16 14:51:35,light rain
403,Bosaso,11.2842,49.1816,93.52,44,68,2.82,SO,2022-07-16 14:51:36,broken clouds
404,Zeya,53.75,127.2667,67.15,89,31,3.6,RU,2022-07-16 14:51:36,light rain
405,Mirnyy,62.5353,113.9611,55.24,93,100,11.01,RU,2022-07-16 14:51:37,overcast clouds
406,Maldonado,-34.6667,-54.9167,49.39,91,100,14.27,UY,2022-07-16 14:51:37,overcast clouds
407,Antigonish,45.6169,-61.9986,79.14,56,87,7.0,CA,2022-07-16 14:49:05,overcast clouds
408,Baykit,61.67,96.37,53.2,94,62,1.25,RU,2022-07-16 14:51:37,broken clouds
409,Egvekinot,66.3167,-179.1667,43.97,87,100,2.64,RU,2022-07-16 14:51:38,light rain
410,Port Macquarie,-31.4333,152.9167,44.89,67,80,8.3,AU,2022-07-16 14:51:38,broken clouds
411,Charlestown,-32.95,151.6667,56.1,64,61,7.0,AU,2022-07-16 14:51:38,broken clouds
412,Taltal,-25.4,-70.4833,59.95,43,0,7.67,CL,2022-07-16 14:51:39,clear sky
413,Honningsvag,70.9821,25.9704,53.35,87,100,11.5,NO,2022-07-16 14:51:39,light rain
414,Sao Raimundo Das Mangabeiras,-7.0219,-45.4811,92.93,26,28,6.91,BR,2022-07-16 14:51:39,scattered clouds
415,Manadhoo,5.7667,73.3833,82.81,78,55,7.58,MV,2022-07-16 14:51:40,broken clouds
416,Cacapava,-23.1008,-45.7069,76.08,33,92,5.17,BR,2022-07-16 14:51:40,overcast clouds
417,Barranca,-10.75,-77.7667,62.15,77,97,9.28,PE,2022-07-16 14:51:40,overcast clouds
418,Shubarkuduk,49.1447,56.4872,85.51,33,32,11.56,KZ,2022-07-16 14:51:41,scattered clouds
419,Esperance,-33.8667,121.9,46.24,70,100,3.8,AU,2022-07-16 14:51:41,overcast clouds
420,Amuntai,-2.4177,115.2494,75.31,95,65,0.63,ID,2022-07-16 14:51:41,moderate rain
421,New Philadelphia,40.4898,-81.4457,69.85,89,100,4.61,US,2022-07-16 14:47:05,overcast clouds
422,Sile,41.1754,29.6133,84.87,60,0,5.99,TR,2022-07-16 14:51:42,clear sky
423,Akyab,20.15,92.9,82.69,82,33,15.37,MM,2022-07-16 14:51:42,scattered clouds
424,Amahai,-3.3333,128.9167,76.6,91,86,6.13,ID,2022-07-16 14:51:42,overcast clouds
425,Sorong,-0.8833,131.25,78.53,83,100,5.19,ID,2022-07-16 14:51:43,overcast clouds
426,Isangel,-19.55,169.2667,70.86,69,9,18.52,VU,2022-07-16 14:51:43,clear sky
427,Ryotsu,38.0833,138.4333,77.05,84,100,4.47,JP,2022-07-16 14:51:43,light rain
428,Yulara,-25.2406,130.9889,53.47,18,6,5.1,AU,2022-07-16 14:51:44,clear sky
429,Bukama,-9.2,25.85,90.84,20,8,6.31,CD,2022-07-16 14:51:44,clear sky
430,Kirovskiy,45.0917,133.5136,59.34,95,55,6.31,RU,2022-07-16 14:51:44,broken clouds
431,Flagstaff,35.1981,-111.6513,76.51,48,19,3.06,US,2022-07-16 14:47:44,few clouds
432,Pestyaki,56.7103,42.6717,68.43,56,84,7.11,RU,2022-07-16 14:51:45,broken clouds
433,Srandakan,-7.9386,110.2506,76.77,88,76,7.36,ID,2022-07-16 14:51:45,broken clouds
434,Turukhansk,65.8167,87.9833,59.99,68,70,13.0,RU,2022-07-16 14:51:45,broken clouds
435,Zhenjiang,32.2092,119.4342,79.12,93,100,6.33,CN,2022-07-16 14:51:45,overcast clouds
436,Manaus,-3.1019,-60.025,88.3,70,20,6.91,BR,2022-07-16 14:51:46,few clouds
437,Guanare,9.0418,-69.7421,84.11,66,100,2.35,VE,2022-07-16 14:51:46,overcast clouds
438,Tapes,-30.6733,-51.3958,64.71,98,100,10.36,BR,2022-07-16 14:51:46,overcast clouds
439,Bukachacha,52.9833,116.9167,61.75,99,100,2.04,RU,2022-07-16 14:51:47,moderate rain
440,Fairbanks,64.8378,-147.7164,54.61,93,100,1.01,US,2022-07-16 14:50:52,light rain
441,Miercurea Sibiului,45.8833,23.8,80.31,28,20,13.06,RO,2022-07-16 14:51:47,few clouds
442,Vastseliina,57.7303,27.2932,65.44,44,91,9.22,EE,2022-07-16 14:51:48,overcast clouds
443,Yuci,37.6803,112.7319,69.55,88,0,2.24,CN,2022-07-16 14:51:48,clear sky
444,Batamshinskiy,50.5594,58.2747,75.9,52,9,13.13,KZ,2022-07-16 14:51:48,clear sky
445,Nirmali,26.3167,86.5833,91.44,55,44,9.26,IN,2022-07-16 14:51:49,scattered clouds
446,Dalbandin,28.8947,64.4101,99.16,23,53,12.77,PK,2022-07-16 14:51:49,broken clouds
447,Maragogi,-9.0122,-35.2225,77.23,82,54,14.72,BR,2022-07-16 14:51:49,broken clouds
448,Vao,-22.6667,167.4833,68.49,58,0,24.0,NC,2022-07-16 14:51:50,clear sky
449,Kaihua,23.3687,104.28,69.37,95,40,5.59,CN,2022-07-16 14:51:50,scattered clouds
450,Bytow,54.1706,17.4919,55.2,83,100,11.52,PL,2022-07-16 14:51:50,moderate rain
451,Lavrentiya,65.5833,-171.0,42.78,76,81,5.26,RU,2022-07-16 14:51:50,broken clouds
452,Ixtapa,20.7,-105.2,79.23,100,100,5.75,MX,2022-07-16 14:47:37,overcast clouds
453,Ouadda,8.0777,22.4007,73.45,92,73,3.06,CF,2022-07-16 14:51:51,moderate rain
454,Thinadhoo,0.5333,72.9333,83.71,77,81,12.64,MV,2022-07-16 14:51:51,broken clouds
455,Mandera,3.9366,41.867,89.2,33,66,17.74,KE,2022-07-16 14:51:51,broken clouds
456,Sidi Ali,36.0998,0.4206,83.89,54,0,13.94,DZ,2022-07-16 14:51:52,clear sky
457,Alice Springs,-23.7,133.8833,42.35,28,5,5.75,AU,2022-07-16 14:51:52,clear sky
458,Dharchula,29.85,80.5333,76.01,88,74,1.7,IN,2022-07-16 14:51:52,broken clouds
459,Fortuna Foothills,32.6578,-114.4119,94.69,32,0,19.57,US,2022-07-16 14:51:53,clear sky
460,Inhambane,-23.865,35.3833,71.58,68,40,5.99,MZ,2022-07-16 14:51:53,scattered clouds
461,Loandjili,-4.7561,11.8578,76.19,70,14,9.46,CG,2022-07-16 14:51:53,few clouds
462,Cleethorpes,53.5605,-0.0323,78.8,54,40,11.79,GB,2022-07-16 14:51:54,scattered clouds
463,Hualmay,-11.0964,-77.6139,62.29,78,74,9.71,PE,2022-07-16 14:51:54,broken clouds
464,Kaeo,-35.1,173.7833,43.32,93,8,5.44,NZ,2022-07-16 14:51:54,clear sky
465,Rosa Zarate,0.3333,-79.4667,71.98,93,100,2.44,EC,2022-07-16 14:51:55,overcast clouds
466,Tura,25.5198,90.2201,79.59,82,16,3.18,IN,2022-07-16 14:51:55,few clouds
467,Qandala,11.472,49.8728,93.04,49,44,8.48,SO,2022-07-16 14:51:55,scattered clouds
468,Charagua,-19.8,-63.2167,64.49,61,98,7.52,BO,2022-07-16 14:51:56,overcast clouds
469,Quang Ngai,15.1167,108.8,79.74,91,92,4.0,VN,2022-07-16 14:51:56,overcast clouds
470,Lata,40.1629,-8.3327,89.49,46,100,10.96,PT,2022-07-16 14:51:56,overcast clouds
471,Chapleau,47.8405,-83.4034,64.49,63,75,5.75,CA,2022-07-16 14:51:56,broken clouds
472,Namatanai,-3.6667,152.4333,79.25,82,59,6.26,PG,2022-07-16 14:51:57,light rain
473,Gorlev,55.5393,11.2271,69.3,58,3,18.23,DK,2022-07-16 14:51:57,clear sky
474,Lumby,50.2498,-118.969,66.9,63,0,0.0,CA,2022-07-16 14:51:58,clear sky
475,Thomaston,32.8882,-84.3266,82.45,76,0,1.01,US,2022-07-16 14:51:58,clear sky
476,Tumalaytay,12.2758,123.232,79.93,85,100,3.27,PH,2022-07-16 14:51:58,overcast clouds
477,Loa Janan,-0.583,117.095,74.5,96,79,2.21,ID,2022-07-16 14:51:59,broken clouds
478,Cayenne,4.9333,-52.3333,87.84,1,75,4.61,GF,2022-07-16 14:50:21,broken clouds
479,Iguatu,-6.3594,-39.2986,89.92,36,7,8.5,BR,2022-07-16 14:51:17,clear sky
480,Pangnirtung,66.1451,-65.7125,50.0,81,20,14.97,CA,2022-07-16 14:51:59,few clouds
481,Tete,-16.1564,33.5867,80.69,36,40,9.22,MZ,2022-07-16 14:52:00,scattered clouds
482,Madimba,-10.4,40.3333,81.72,47,20,18.41,TZ,2022-07-16 14:52:00,few clouds
483,Petropavlovsk-Kamchatskiy,53.0452,158.6483,55.99,100,100,2.24,RU,2022-07-16 14:52:00,light intensity shower rain
484,Komsomolskoye,55.2567,47.5461,72.19,82,69,5.3,RU,2022-07-16 14:52:00,light rain
485,Snezhnogorsk,69.1933,33.2531,60.58,92,100,7.81,RU,2022-07-16 14:52:01,overcast clouds
486,Louga,58.7372,29.8453,64.29,51,96,9.44,RU,2022-07-16 14:52:01,overcast clouds
487,Novichikha,52.204,81.3877,65.37,65,89,6.24,RU,2022-07-16 14:52:01,overcast clouds
488,Sulangan,11.1373,123.7228,83.86,73,97,3.15,PH,2022-07-16 14:52:02,overcast clouds
489,Dwarka,22.2394,68.9678,84.51,86,97,15.3,IN,2022-07-16 14:52:02,overcast clouds
490,Nangong,37.3581,115.3744,72.84,89,51,5.19,CN,2022-07-16 14:52:02,broken clouds
491,Vilyuysk,63.7553,121.6247,67.23,97,100,6.42,RU,2022-07-16 14:52:03,light rain
492,Methoni,36.8197,21.7049,93.22,59,0,11.74,GR,2022-07-16 14:52:03,clear sky
493,Saint Stephen,50.3333,-4.9,77.2,50,0,13.8,GB,2022-07-16 14:47:20,clear sky
494,Kiunga,-6.1219,141.2906,71.98,95,100,3.18,PG,2022-07-16 14:52:04,overcast clouds
495,Lesnoy,57.6198,63.0784,67.96,95,77,6.49,RU,2022-07-16 14:52:04,light rain
496,Nurota,40.5614,65.6886,92.89,9,0,11.7,UZ,2022-07-16 14:52:05,clear sky
497,Tambura,5.6,27.4667,77.09,75,97,4.97,SS,2022-07-16 14:52:05,light rain
498,Porto Velho,-8.7619,-63.9039,86.05,62,0,6.91,BR,2022-07-16 14:52:05,clear sky
499,Omsukchan,62.5333,155.8,64.17,71,96,6.67,RU,2022-07-16 14:52:06,overcast clouds
500,Severo-Kurilsk,50.6789,156.125,52.93,96,99,4.81,RU,2022-07-16 14:52:06,overcast clouds
501,Stornoway,58.2093,-6.3865,59.04,88,75,19.57,GB,2022-07-16 14:52:07,broken clouds
502,Gamboma,-1.8764,15.8644,96.94,23,19,6.02,CG,2022-07-16 14:52:07,few clouds
503,Russell,32.3502,-85.1999,82.9,78,0,0.0,US,2022-07-16 14:52:08,clear sky
504,Huainan,32.6264,116.9969,82.29,81,100,4.9,CN,2022-07-16 14:52:08,overcast clouds
505,Uribia,11.7139,-72.266,89.74,51,31,21.27,CO,2022-07-16 14:52:09,scattered clouds
506,Lac Du Bonnet,50.2536,-96.0612,76.12,71,98,5.68,CA,2022-07-16 14:52:09,moderate rain
507,Bahia Blanca,-38.7196,-62.2724,41.52,93,75,17.27,AR,2022-07-16 14:47:50,broken clouds
508,Puerto Escondido,15.85,-97.0667,83.55,71,91,0.94,MX,2022-07-16 14:52:10,overcast clouds
509,Alta Floresta,-9.8756,-56.0861,87.62,55,40,2.3,BR,2022-07-16 14:52:10,scattered clouds
510,Vysokogornyy,50.1167,139.15,50.97,92,89,3.56,RU,2022-07-16 14:52:11,overcast clouds
511,Lenger,42.183,69.8839,92.64,15,0,14.23,KZ,2022-07-16 14:52:11,clear sky
512,Atlantic City,39.3643,-74.4229,83.12,70,40,3.44,US,2022-07-16 14:49:03,scattered clouds
513,Tomigusuku,26.185,127.675,84.74,87,40,11.5,JP,2022-07-16 14:52:12,scattered clouds
514,Nara,34.6851,135.8049,78.49,69,100,2.08,JP,2022-07-16 14:48:46,overcast clouds
515,Cassilandia,-19.1133,-51.7342,89.6,26,95,10.02,BR,2022-07-16 14:52:12,overcast clouds
516,Macamic,48.7502,-78.9996,65.44,77,97,10.13,CA,2022-07-16 14:52:13,overcast clouds
517,Centenario Do Sul,-22.8211,-51.5953,85.26,32,100,17.2,BR,2022-07-16 14:52:13,overcast clouds
518,Kuytun,54.3419,101.5036,53.89,83,65,4.74,RU,2022-07-16 14:52:14,broken clouds
519,Alice Town,25.7167,-79.3,83.39,71,25,14.2,BS,2022-07-16 14:52:14,scattered clouds
520,Taoudenni,22.6783,-3.9836,116.06,7,1,7.87,ML,2022-07-16 14:52:14,clear sky
521,Boulder City,35.9786,-114.8325,92.26,24,4,3.58,US,2022-07-16 14:52:15,clear sky
522,Zaysan,47.4667,84.8667,72.25,32,22,6.85,KZ,2022-07-16 14:52:16,few clouds
523,Ballina,-28.8667,153.5667,54.79,78,1,8.77,AU,2022-07-16 14:52:16,clear sky
524,Hohhot,40.8106,111.6522,79.09,25,0,6.71,CN,2022-07-16 14:49:39,clear sky
525,Dinan,48.4167,-2.25,85.75,28,22,13.11,FR,2022-07-16 14:52:17,few clouds
526,Muzhi,65.3667,64.6667,69.73,51,89,9.26,RU,2022-07-16 14:52:17,overcast clouds
527,Dauphin,51.1494,-100.0502,73.54,73,0,11.5,CA,2022-07-16 14:52:17,clear sky
528,Chone,-0.6833,-80.1,74.61,81,99,1.5,EC,2022-07-16 14:52:18,overcast clouds
529,Jalu,29.0331,21.5482,96.57,18,0,9.51,LY,2022-07-16 14:52:18,clear sky
530,Saint George,37.1041,-113.5841,92.43,31,0,5.75,US,2022-07-16 14:52:03,clear sky
531,Dong Hoi,17.4833,106.6,82.56,84,97,7.81,VN,2022-07-16 14:52:18,overcast clouds
532,Dubbo,-32.25,148.6167,41.13,75,0,8.05,AU,2022-07-16 14:52:19,clear sky
533,Bireun,5.203,96.7009,79.45,83,42,2.57,ID,2022-07-16 14:52:19,scattered clouds
534,Nantucket,41.2835,-70.0995,80.71,92,20,4.61,US,2022-07-16 14:48:37,few clouds
535,San Jose,37.3394,-121.895,70.25,73,75,3.44,US,2022-07-16 14:49:12,broken clouds
536,Roald,62.5833,6.1333,53.74,71,75,13.8,NO,2022-07-16 14:52:20,broken clouds
537,Lamu,-2.2717,40.902,75.45,81,98,18.7,KE,2022-07-16 14:52:20,light rain
538,Eidsvag,62.7767,8.0668,53.65,90,100,4.94,NO,2022-07-16 14:52:21,overcast clouds
539,Wuwei,37.9281,102.6414,65.5,49,100,9.08,CN,2022-07-16 14:52:21,overcast clouds
540,Ferraz De Vasconcelos,-23.5408,-46.3686,79.39,44,0,5.75,BR,2022-07-16 14:49:43,clear sky
541,Bogande,12.9714,-0.1436,77.77,72,100,9.57,BF,2022-07-16 14:52:21,overcast clouds
542,Stevens Point,44.5236,-89.5746,68.05,68,100,0.0,US,2022-07-16 14:48:32,overcast clouds
543,Stromness,58.965,-3.296,58.96,87,100,11.12,GB,2022-07-16 14:52:22,overcast clouds
544,Polis,35.0367,32.4264,89.29,37,0,9.31,CY,2022-07-16 14:52:23,clear sky
545,Abu Kamal,34.4506,40.9171,103.26,10,0,13.29,SY,2022-07-16 14:52:23,clear sky
546,Mantua,45.1667,10.7833,96.1,47,8,5.93,IT,2022-07-16 14:52:23,clear sky
547,Craig,40.5153,-107.5464,65.39,88,100,0.0,US,2022-07-16 14:52:24,overcast clouds
548,Melita,49.2681,-100.9967,76.53,72,2,13.11,CA,2022-07-16 14:52:24,clear sky
549,Namibe,-15.1961,12.1522,72.23,68,75,11.5,AO,2022-07-16 14:52:24,broken clouds
550,Nyurba,63.2842,118.3319,60.71,94,29,6.96,RU,2022-07-16 14:52:25,scattered clouds
551,Lethbridge,49.7,-112.8186,71.65,49,20,9.22,CA,2022-07-16 14:52:25,few clouds
552,Solnechnyy,50.7214,136.6319,63.14,84,27,3.51,RU,2022-07-16 14:52:26,scattered clouds
553,Zheleznodorozhnyy,55.7503,38.0042,72.12,48,100,5.66,RU,2022-07-16 14:51:59,overcast clouds
554,Mount Isa,-20.7333,139.5,46.17,76,0,0.0,AU,2022-07-16 14:52:26,clear sky
555,Kisanga,-7.4362,37.7034,78.93,50,75,4.25,TZ,2022-07-16 14:52:26,broken clouds
556,Guayape,14.7167,-86.8333,73.65,73,100,2.57,HN,2022-07-16 14:52:27,overcast clouds
557,Raahe,64.6833,24.4833,64.49,80,46,12.26,FI,2022-07-16 14:52:27,scattered clouds
558,Wilmington,34.2257,-77.9447,78.98,87,75,10.36,US,2022-07-16 14:51:30,broken clouds
559,Luang Prabang,19.8856,102.1347,78.03,92,91,2.55,LA,2022-07-16 14:52:27,overcast clouds
560,Ust-Maya,60.4167,134.5333,70.56,82,68,2.53,RU,2022-07-16 14:52:28,broken clouds
561,Shimoda,34.6667,138.95,73.11,91,100,5.66,JP,2022-07-16 14:52:28,moderate rain
562,Lingdong,46.5669,131.1453,63.34,96,100,2.89,CN,2022-07-16 14:52:28,light rain
563,Tayu,-6.5397,111.0518,77.49,87,76,4.41,ID,2022-07-16 14:52:29,moderate rain
564,Huarmey,-10.0681,-78.1522,64.33,76,66,9.95,PE,2022-07-16 14:52:29,broken clouds
565,Urumqi,43.801,87.6005,81.55,23,0,2.24,CN,2022-07-16 14:51:21,clear sky
566,Mocuba,-16.8392,36.9856,67.35,76,21,6.76,MZ,2022-07-16 14:52:29,few clouds
567,Mao,39.8885,4.2658,88.36,48,0,6.91,ES,2022-07-16 14:48:01,clear sky
568,Kousseri,12.0769,15.0306,85.96,70,20,6.91,CM,2022-07-16 14:52:30,few clouds
569,Kindu,-2.95,25.95,94.14,26,39,3.44,CD,2022-07-16 14:52:30,scattered clouds
570,Japura,-0.3167,102.35,76.86,85,93,3.42,ID,2022-07-16 14:52:30,overcast clouds
571,Likasi,-10.9814,26.7333,75.92,29,25,6.04,CD,2022-07-16 14:52:31,scattered clouds
572,Guadalajara,20.6667,-103.3333,64.98,100,100,0.6,MX,2022-07-16 14:52:31,overcast clouds
573,San Andres,12.5847,-81.7006,80.62,83,40,11.5,CO,2022-07-16 14:52:31,scattered clouds
574,Bambari,5.768,20.6757,81.28,75,62,1.81,CF,2022-07-16 14:52:32,light rain
575,Axim,4.8699,-2.2405,77.68,80,100,11.92,GH,2022-07-16 14:52:32,overcast clouds
576,Tual,-5.6667,132.75,78.4,85,100,22.97,ID,2022-07-16 14:52:32,overcast clouds
577,Zhuhai,22.2769,113.5678,88.86,84,20,16.11,CN,2022-07-16 14:52:32,few clouds
578,Salinas,36.6777,-121.6555,61.61,88,100,5.75,US,2022-07-16 14:48:39,mist
579,Mahajanga,-15.7167,46.3167,86.02,42,20,3.44,MG,2022-07-16 14:52:33,few clouds
580,Ajdabiya,30.7554,20.2263,83.37,49,0,15.75,LY,2022-07-16 14:52:33,clear sky
581,Talnakh,69.4865,88.3972,72.21,45,5,8.08,RU,2022-07-16 14:52:33,clear sky
582,Gold Coast,-28.0,153.4333,57.99,95,100,5.75,AU,2022-07-16 14:52:34,overcast clouds
583,Camana,-16.6228,-72.7111,60.21,80,98,13.56,PE,2022-07-16 14:52:34,overcast clouds
584,Petukhovo,55.0692,67.9019,66.34,89,100,6.96,RU,2022-07-16 14:52:34,light rain
585,Kalmar,56.6616,16.3616,61.97,80,81,1.99,SE,2022-07-16 14:52:35,broken clouds
586,Cheremkhovo,53.1561,103.0675,53.26,81,14,2.08,RU,2022-07-16 14:52:35,few clouds
587,Ulagan,50.6321,87.9563,57.56,72,96,2.68,RU,2022-07-16 14:52:35,overcast clouds
588,Chara,56.9064,118.2631,63.79,89,86,2.19,RU,2022-07-16 14:52:35,overcast clouds
589,Matagami,49.7502,-77.6328,68.11,73,0,9.22,CA,2022-07-16 14:52:36,clear sky
590,Sao Luiz Gonzaga,-28.4083,-54.9608,63.97,96,99,14.83,BR,2022-07-16 14:52:36,overcast clouds
591,North Myrtle Beach,33.816,-78.68,80.29,92,40,3.44,US,2022-07-16 14:52:36,moderate rain
592,Bako,5.7833,36.5667,70.66,64,89,3.09,ET,2022-07-16 14:52:37,light rain
593,Oktyabrskiy,54.4815,53.471,73.15,74,0,5.68,RU,2022-07-16 14:52:37,clear sky
594,Oranjemund,-28.55,16.4333,81.18,22,0,4.45,NA,2022-07-16 14:52:37,clear sky
595,Jardim,-21.4803,-56.1381,88.79,33,98,14.12,BR,2022-07-16 14:52:31,overcast clouds
596,Wapakoneta,40.5678,-84.1936,71.98,99,100,5.75,US,2022-07-16 14:52:37,mist
597,Acajutla,13.5928,-89.8275,83.53,64,100,0.92,SV,2022-07-16 14:52:38,overcast clouds
598,Konstantinovka,49.6167,127.9833,67.89,87,98,6.73,RU,2022-07-16 14:52:38,overcast clouds
599,Sri Aman,1.2376,111.4621,73.45,94,66,2.3,MY,2022-07-16 14:52:38,broken clouds
600,Araouane,18.9048,-3.5265,110.26,12,10,13.65,ML,2022-07-16 14:52:39,clear sky
601,Muros,42.7762,-9.0603,69.17,71,47,9.51,ES,2022-07-16 14:52:39,scattered clouds
602,Auki,-8.7676,160.7034,76.23,89,97,5.01,SB,2022-07-16 14:52:39,overcast clouds
603,Abu Samrah,35.3029,37.1841,93.25,20,0,16.71,SY,2022-07-16 14:52:39,clear sky
604,Udachnyy,66.4167,112.4,53.46,100,100,10.51,RU,2022-07-16 14:52:40,light rain
605,Kharitonovo,61.4009,47.4978,68.54,53,60,7.0,RU,2022-07-16 14:52:40,broken clouds
606,Disna,55.568,28.1971,61.14,78,98,8.28,BY,2022-07-16 14:52:40,overcast clouds
607,Sao Filipe,14.8961,-24.4956,76.1,81,15,5.1,CV,2022-07-16 14:52:41,few clouds
608,Buzmeyin,38.0507,58.2056,103.73,11,0,4.61,TM,2022-07-16 14:52:41,clear sky
609,Marsh Harbour,26.5412,-77.0636,83.23,71,13,15.61,BS,2022-07-16 14:52:41,few clouds
610,Mana,5.6592,-53.7767,84.78,67,9,4.99,GF,2022-07-16 14:52:42,clear sky
611,Kongolo,-5.3833,27.0,94.23,23,21,7.18,CD,2022-07-16 14:52:42,few clouds
612,Alberton,46.8168,-64.0654,71.73,64,97,10.47,CA,2022-07-16 14:52:42,overcast clouds
613,Hay River,60.8156,-115.7999,60.78,88,84,1.14,CA,2022-07-16 14:52:42,broken clouds
614,Aljezur,37.3191,-8.8033,82.98,53,83,4.97,PT,2022-07-16 14:52:43,broken clouds
615,Aykhal,66.0,111.5,53.47,88,100,17.16,RU,2022-07-16 14:52:43,overcast clouds
616,Yar-Sale,66.8333,70.8333,64.49,51,26,8.16,RU,2022-07-16 14:52:44,scattered clouds
617,Altamont,42.2068,-121.7372,63.79,67,0,1.05,US,2022-07-16 14:52:44,clear sky
618,Presidencia Roque Saenz Pena,-26.7852,-60.4388,47.55,86,100,15.57,AR,2022-07-16 14:52:44,overcast clouds
619,Grand Baie,-20.0182,57.5802,72.07,70,9,3.0,MU,2022-07-16 14:52:45,clear sky
620,Guatire,10.4762,-66.5427,88.7,56,9,4.34,VE,2022-07-16 14:52:45,clear sky
621,North Andover,42.6987,-71.1351,83.91,58,0,8.05,US,2022-07-16 14:52:45,clear sky
622,Hofn,64.2539,-15.2082,51.76,90,100,6.87,IS,2022-07-16 14:52:45,overcast clouds
623,Pedasi,7.5333,-80.0333,88.07,73,67,11.16,PA,2022-07-16 14:52:46,broken clouds
624,Pantai Remis,4.4557,100.6288,84.22,80,100,3.89,MY,2022-07-16 14:52:46,overcast clouds
625,Fernandez,-27.9204,-63.8935,53.22,45,82,26.19,AR,2022-07-16 14:52:46,broken clouds
626,Brigantine,39.4101,-74.3646,83.19,72,40,3.44,US,2022-07-16 14:52:47,scattered clouds
627,Bomet,-0.7813,35.3416,60.66,78,100,2.46,KE,2022-07-16 14:52:47,overcast clouds
628,Sungaipenuh,-2.0833,101.3833,64.27,97,94,2.06,ID,2022-07-16 14:52:47,overcast clouds
629,Sambava,-14.2667,50.1667,73.11,78,64,16.13,MG,2022-07-16 14:52:47,broken clouds
630,Novobirilyussy,56.9514,90.6661,56.75,80,99,2.46,RU,2022-07-16 14:52:48,overcast clouds
631,Ossora,59.2353,163.0719,53.22,89,39,6.04,RU,2022-07-16 14:52:48,scattered clouds
632,Lodeynoye Pole,60.726,33.5531,66.24,45,73,7.67,RU,2022-07-16 14:52:49,broken clouds
633,Antalaha,-14.9003,50.2788,71.67,76,5,13.8,MG,2022-07-16 14:52:49,clear sky
634,Chabahar,25.2919,60.643,85.44,79,94,7.43,IR,2022-07-16 14:52:49,overcast clouds
635,Biak,-0.9131,122.8766,75.04,83,100,4.97,ID,2022-07-16 14:52:49,overcast clouds
636,San Juan De Abajo,20.8167,-105.1833,79.68,100,100,5.75,MX,2022-07-16 14:52:50,overcast clouds
637,Klaksvik,62.2266,-6.589,52.72,97,100,19.93,FO,2022-07-16 14:52:50,light rain
638,Kloulklubed,7.0419,134.2556,81.5,80,100,10.22,PW,2022-07-16 14:52:50,light rain
639,Nova Vicosa,-17.8919,-39.3719,78.6,58,99,7.25,BR,2022-07-16 14:52:51,overcast clouds
640,Arenillas,41.3471,-2.8462,97.0,11,4,11.48,ES,2022-07-16 14:52:51,clear sky
641,Hovd,48.0056,91.6419,67.78,42,45,4.16,MN,2022-07-16 14:52:51,scattered clouds
642,Omboue,-1.5746,9.2618,75.92,75,97,9.48,GA,2022-07-16 14:50:03,overcast clouds
643,Perambalur,11.2333,78.8833,83.5,65,95,9.6,IN,2022-07-16 14:52:52,heavy intensity rain
644,Arica,-18.475,-70.3042,59.23,67,100,4.61,CL,2022-07-16 14:48:57,overcast clouds
645,Griffin,33.2468,-84.2641,83.84,75,0,3.44,US,2022-07-16 14:50:04,clear sky
646,Caluquembe,-13.7833,14.6833,75.79,19,0,4.54,AO,2022-07-16 14:52:52,clear sky
647,Kingman,35.1894,-114.053,91.26,23,4,8.99,US,2022-07-16 14:52:52,clear sky
648,Mahanoro,-19.9,48.8,68.68,85,71,5.86,MG,2022-07-16 14:52:53,light rain
649,California City,35.1258,-117.9859,93.06,29,0,0.0,US,2022-07-16 14:52:53,clear sky
650,Arbuzynka,47.9097,31.3196,82.04,26,36,6.78,UA,2022-07-16 14:52:53,scattered clouds
651,Itarema,-2.9248,-39.9167,88.25,52,17,13.6,BR,2022-07-16 14:52:53,few clouds
652,Tessalit,20.1986,1.0114,108.66,7,40,17.69,ML,2022-07-16 14:52:54,scattered clouds
653,Sierre,46.2919,7.5356,91.78,27,20,18.41,CH,2022-07-16 14:52:54,few clouds
654,Linqu,36.5156,118.5397,77.86,84,100,1.5,CN,2022-07-16 14:52:54,light rain
655,Moron,-34.6534,-58.6198,49.89,78,100,12.91,AR,2022-07-16 14:50:07,moderate rain
656,Alappuzha,9.49,76.3264,77.0,86,99,7.36,IN,2022-07-16 14:52:55,overcast clouds
657,Haimen,23.1935,116.6142,80.49,87,100,14.12,CN,2022-07-16 14:52:55,overcast clouds
658,Chaah,2.249,103.048,77.49,79,87,3.47,MY,2022-07-16 14:52:55,overcast clouds
659,Sharjah,25.3573,55.4033,107.89,23,91,12.66,AE,2022-07-16 14:52:55,dust
660,Asau,46.4333,26.4,81.52,25,9,12.44,RO,2022-07-16 14:52:56,clear sky
661,Harper,4.375,-7.7169,77.86,77,99,11.45,LR,2022-07-16 14:52:56,overcast clouds
662,Tilichiki,60.4667,166.1,48.88,91,98,5.57,RU,2022-07-16 14:52:56,overcast clouds
663,Rajampet,14.1833,79.1667,85.57,60,93,16.44,IN,2022-07-16 14:52:57,overcast clouds
664,Camacha,33.0833,-16.3333,71.02,68,75,11.5,PT,2022-07-16 14:52:57,broken clouds
665,Staraya Mayna,54.6,48.95,82.51,62,2,3.33,RU,2022-07-16 14:52:57,clear sky
666,Esso,55.9333,158.7,59.95,89,82,2.84,RU,2022-07-16 14:52:58,broken clouds
667,Gao,16.6362,1.637,97.77,31,100,12.73,ML,2022-07-16 14:52:58,overcast clouds
668,Gasa,31.5,34.4667,85.87,56,0,9.75,PS,2022-07-16 14:49:12,clear sky
669,Florence,43.7667,11.25,98.28,32,0,9.22,IT,2022-07-16 14:50:09,clear sky
670,Wukari,7.85,9.7833,84.81,61,97,9.75,NG,2022-07-16 14:52:58,overcast clouds
671,Kudahuvadhoo,2.6708,72.8944,83.68,75,23,9.62,MV,2022-07-16 14:52:59,few clouds
672,Narasannapeta,18.4167,84.05,79.25,90,100,11.92,IN,2022-07-16 14:52:59,heavy intensity rain
673,Tomatlan,19.9333,-105.25,80.55,75,97,2.28,MX,2022-07-16 14:52:59,overcast clouds
674,Nicolas Bravo,18.45,-88.9167,80.2,82,99,3.2,MX,2022-07-16 14:52:59,overcast clouds
675,Verkhnyaya Inta,65.9811,60.3094,72.54,53,100,15.68,RU,2022-07-16 14:53:00,overcast clouds
676,Slave Lake,55.2834,-114.769,62.58,94,40,3.44,CA,2022-07-16 14:53:00,scattered clouds
677,Bull Savanna,17.8868,-77.5902,83.35,60,22,8.43,JM,2022-07-16 14:53:00,few clouds
678,Shingu,33.7333,135.9833,74.95,94,98,3.6,JP,2022-07-16 14:53:01,overcast clouds
679,Tawang,27.5833,91.8667,59.67,92,76,0.65,IN,2022-07-16 14:53:01,broken clouds
680,Nouadhibou,20.931,-17.0347,75.18,73,75,24.16,MR,2022-07-16 14:53:01,sand
681,Ambon,-3.6954,128.1814,79.23,14,40,4.61,ID,2022-07-16 14:53:02,moderate rain
682,Northam,51.0333,-4.2167,77.25,46,21,5.03,GB,2022-07-16 14:53:02,few clouds
683,Grahamstown,-33.3042,26.5328,61.95,29,24,6.51,ZA,2022-07-16 14:53:02,few clouds
684,Santa Cruz,-17.8,-63.1667,71.65,94,75,21.85,BO,2022-07-16 14:53:03,thunderstorm with light rain
685,Camp Verde,34.5636,-111.8543,90.88,33,16,3.65,US,2022-07-16 14:53:03,few clouds
686,Burgersdorp,-30.9977,26.3286,60.15,27,8,6.58,ZA,2022-07-16 14:53:03,clear sky
687,Olinda,-8.0089,-34.8553,76.73,88,75,13.8,BR,2022-07-16 14:53:04,broken clouds
688,Anadyr,64.75,177.4833,55.9,66,0,13.42,RU,2022-07-16 14:53:04,clear sky
